img_id;img_path;text_output;pred_bbox;target_bbox;iou
0;data/roboflow/screwdriver_19_jpg.rf.6250085fa1d7df8666abd0f2a6b03e19.jpg;{bounding_box: [240, 180, 290, 240]};[240, 180, 290, 240];[213, 39, 254.85, 109];0.0
1;data/roboflow/glue_13_jpg.rf.0df8478932e9b34ba87460e9bfd87b01.jpg;{bbox: [155, 319, 203, 367]};[155, 319, 203, 367];[249, 283, 317.33, 302.17];0.0
2;data/roboflow/saw_18_jpg.rf.ab0a958d9006ec43edf55d35ca68d3de.jpg;{bbox: [408, 234, 430, 256]};[408, 234, 430, 256];[410, 213, 425.45, 241.18];0.13721442266064698
3;data/roboflow/solder_14_jpg.rf.51572171683d9fb98c4af7058ac33310.jpg;{bbox: [55, 122, 127, 219]};[55, 122, 127, 219];[123, 120, 221, 138];0.007369875633348687
4;data/roboflow/wacker_2_jpg.rf.d87338dbcfe8c38ef9f1aebd1f6c5e62.jpg;{bbox: [90, 165, 120, 185]};[90, 165, 120, 185];[311, 237, 333.86, 249.14];0.0
5;data/roboflow/wrench_18_jpg.rf.14cf4c6c94b5729b581f65caf6cb8a50.jpg;{x_min:130, y_min:150, x_max:300, y_max:230};;[329, 340, 592.12, 591.25];No predicted bbox found.
6;data/roboflow/saw_2_jpg.rf.72f9810ddb3e1e20ee87f6da5f52fabb.jpg;{x_min:370, y_min:220, x_max:430, y_max:260};;[543, 184, 609.4300000000001, 214];No predicted bbox found.
7;data/roboflow/solder_11_jpg.rf.7aa6405f7bb7683bab7f4c9be42ffc63.jpg;{x_min:260, y_min:260, x_max:370, y_max:320};;[364, 76, 419.89, 147.76];No predicted bbox found.
8;data/roboflow/saw_4_jpg.rf.2e854c7822c53ccda24e718afee152d1.jpg;{bbox: [221, 159, 250, 193]};[221, 159, 250, 193];[511, 600, 549, 694];0.0
9;data/roboflow/screwdriver_15_jpg.rf.8acaf201eba6395a5242d168d1a5a978.jpg;{x_min:405, y_min:480, x_max:540, y_max:530};;[864, 774, 1064, 949];No predicted bbox found.
10;data/roboflow/allen_9_jpg.rf.df991db918e51a8a83d037dfcec94b82.jpg;{bbox: [183, 262, 367, 297]};[183, 262, 367, 297];[271, 107, 426.83000000000004, 308.66999999999996];0.09737370341588777
11;data/roboflow/glue_7_jpg.rf.5bb8f616e9372edbbeddb27fc765e336.jpg;{x_min:290, y_min:271, x_max:312, y_max:295};;[331, 162, 343.19, 197.94];No predicted bbox found.
12;data/roboflow/drill_12_jpg.rf.86686d019ed7cf722ad3d8a677027769.jpg;{ bounding_box: [573, 300, 620, 340] };[573, 300, 620, 340];[114, 78, 125.62, 84.49];0.0
13;data/roboflow/screwdriver_18_jpg.rf.4beea6c8b01da09b5e98e8265415572f.jpg;{bbox: [326, 253, 374, 350]};[326, 253, 374, 350];[532, 695, 686, 1092];0.0
14;data/roboflow/drill_0_jpg.rf.212ff2df5d728e39f939fd1dd4bcbb12.jpg;{bbox: [420, 370, 470, 410]};[420, 370, 470, 410];[524, 279, 635.88, 334.63];0.0
15;data/roboflow/nail_9_jpg.rf.3942bd693506149a09dec087470d9cb5.jpg;{bounding_box: [273, 47, 306, 83]};[273, 47, 306, 83];[317, 245, 335.85, 270.38];0.0
16;data/roboflow/glue_9_jpg.rf.7b6a82df2f4c1b116a5e2bdd2cfe3c15.jpg;{bounding_box: [300, 350, 340, 400]};[300, 350, 340, 400];[79, 71, 92.97, 81.73];0.0
17;data/roboflow/drill_16_jpg.rf.cadd6d5497ef2a4c016c9832375a457c.jpg;{bbox: [377, 148, 416, 180]};[377, 148, 416, 180];[283, 270, 316.89, 315];0.0
18;data/roboflow/nail_5_jpg.rf.ca1eee2f9c7757408ee343df35fc1ea6.jpg;{x_min:441, y_min:189, x_max:475, y_max:211};;[227, 114, 252, 136.63];No predicted bbox found.
19;data/roboflow/nail_7_jpg.rf.3e0076daeb458ae570dbf132f6fdfe7d.jpg;{bounding_box: [448, 301, 494, 341]};[448, 301, 494, 341];[530, 359, 561.88, 405.25];0.0
20;data/roboflow/nail_14_jpg.rf.150a2f2104fc95ae39d31e17eaa03196.jpg;{x_min:346, y_min:127, x_max:397, y_max:159};;[589, 691, 610, 776];No predicted bbox found.
21;data/roboflow/solder_10_jpg.rf.fa9d6f121c57717ec26d23a194ec2e93.jpg;{bbox: [70, 220, 280, 310]};[70, 220, 280, 310];[192, 182, 330.13, 259.82];0.13402732348112764
22;data/roboflow/wrench_1_jpg.rf.1dca8e4e8d41fe556db62ebb6fce40d9.jpg;{x_min:22, y_min:122, x_max:76, y_max:172};;[176, 162, 360.7, 256.40999999999997];No predicted bbox found.
23;data/roboflow/screwdriver_4_jpg.rf.3e9089aafa51caaccba91397ff711ccc.jpg;{x_min: 20, y_min: 230, x_max: 180, y_max: 400};;[181, 205, 309.34000000000003, 332];No predicted bbox found.
24;data/roboflow/wrench_8_jpg.rf.84a4a4861e86f1c1176767964d453fcf.jpg;{x_min:630, y_min:390, x_max:750, y_max:470};;[118, 115, 313.33000000000004, 281];No predicted bbox found.
25;data/roboflow/hammer_14_jpg.rf.9f9e774553b5d79ab6a80096d9e248e7.jpg;{bbox: [180, 160, 330, 280]};[180, 160, 330, 280];[437, 289, 626, 491];0.0
26;data/roboflow/screwdriver_16_jpg.rf.7ecda12851ea53649db62e4c1ec00d34.jpg;{bbox: [134, 221, 266, 273]};[134, 221, 266, 273];[169, 469, 559, 739.8399999999999];0.0
27;data/roboflow/allen_1_jpg.rf.5b9dbe6b90dbb311d50ce0bf7cdd94af.jpg;{x_min:35,y_min:250,x_max:195,y_max:280};;[184, 631, 1170, 722];No predicted bbox found.
28;data/roboflow/screwdriver_12_jpg.rf.fb58d324f595dce4a1561b146bf1e823.jpg;{bbox: [250, 280, 390, 440]};[250, 280, 390, 440];[500, 62, 588.89, 299.78];0.0
29;data/roboflow/screwdriver_11_jpg.rf.86ab0bb274d61307b1c8c456a1da45eb.jpg;{bbox: [165, 280, 275, 370]};[165, 280, 275, 370];[93, 33, 125.82, 68.16];0.0
30;data/roboflow/wrench_16_jpg.rf.703192c2275ab50e76511cd07c5f0fa9.jpg;{bbox: [167, 183, 263, 211]};[167, 183, 263, 211];[306, 403, 691, 700];0.0
31;data/roboflow/saw_0_jpg.rf.e6961a1c0a9f05470005a80d79862f58.jpg;{bbox: [328, 264, 382, 283]};[328, 264, 382, 283];[678, 620, 742, 646];0.0
32;data/roboflow/hammer_8_jpg.rf.53462f20f1fa485c80c9518436da3e42.jpg;{bbox: [352, 51, 453, 567]};[352, 51, 453, 567];[129, 54, 195, 368];0.0
33;data/roboflow/allen_11_jpg.rf.a6c767081f97c455a64eb5ba085342fa.jpg;{x_min:102, y_min:170, x_max:177, y_max:280};;[805, 195, 1862.5, 567.5];No predicted bbox found.
34;data/roboflow/glue_10_jpg.rf.ae54febb95813097775309389f29c77e.jpg;{bounding_box: [370, 419, 399, 448]};[370, 419, 399, 448];[110, 97, 137.34, 123.1];0.0
35;data/roboflow/solder_7_jpg.rf.3fa9b0142c7c519b08f9b792668d0360.jpg;{x_min:139, y_min:165, x_max:214, y_max:192};;[140, 282, 222, 579];No predicted bbox found.
36;data/roboflow/solder_12_jpg.rf.141cf71e923c9580c70f71e929b811fa.jpg;{bbox: [419, 347, 582, 429]};[419, 347, 582, 429];[664, 104, 750.87, 354];0.0
37;data/roboflow/solder_0_jpg.rf.d748f8da95299784b7e2496fd1026295.jpg;{bbox: [342, 120, 430, 190]};[342, 120, 430, 190];[1388, 1045, 2438, 1485];0.0
38;data/roboflow/allen_2_jpg.rf.7a42d727fb9820c4dd80dde675364208.jpg;```json { bbox: [255, 255, 355, 335] } ```;[255, 255, 355, 335];[217, 14, 581.1700000000001, 105.66];0.0
39;data/roboflow/nail_16_jpg.rf.643dc073f89e2c1d30be10cd1f3078c3.jpg;{x_min:438, y_min:237, x_max:464, y_max:258};;[276, 141, 313.33, 162];No predicted bbox found.
40;data/roboflow/saw_14_jpg.rf.bf77b5a93a3a0d5749379e266d44cb5e.jpg;{bbox: [370, 470, 420, 510]};[370, 470, 420, 510];[407, 116, 423.67, 177.66];0.0
41;data/roboflow/glue_3_jpg.rf.1357ae167c4ec9c85e80bd5e17b03c64.jpg;{bounding_box: [125, 170, 155, 200]};[125, 170, 155, 200];[290, 487, 424.15999999999997, 537];0.0
42;data/roboflow/solder_5_jpg.rf.8386acfec94c47292d320319ceffefe5.jpg;{x_min:546, y_min:328, x_max:629, y_max:376};;[341, 379, 381.63, 592.13];No predicted bbox found.
43;data/roboflow/hammer_5_jpg.rf.111cf96c55a3c37f56afe7dc3f6224ee.jpg;{bbox: [147, 111, 297, 188]};[147, 111, 297, 188];[308, 686, 411, 1165];0.0
44;data/roboflow/saw_16_jpg.rf.08cb5bb3f895e6ddf476231d93cc87fc.jpg;{x_min:644, y_min:159, x_max:701, y_max:199};;[430, 230, 483, 298];No predicted bbox found.
45;data/roboflow/hammer_3_jpg.rf.d5d45780df9c29adadeb71cb01ef8fff.jpg;{bbox: [88, 183, 171, 340]};[88, 183, 171, 340];[432, 500, 518, 967];0.0
46;data/roboflow/allen_15_jpg.rf.84eacc06d0a77038d94e690f48ed9b39.jpg;{x_min:85, y_min:245, x_max:105, y_max:265};;[143, 550, 855.5, 619.17];No predicted bbox found.
47;data/roboflow/drill_11_jpg.rf.2af05b31d23bbe92e005ce105e1800f0.jpg;{x_min:385, y_min:300, x_max:415, y_max:320};;[679, 429, 708.28, 506.86];No predicted bbox found.
48;data/roboflow/allen_13_jpg.rf.a0f01b6dde96397f10899cc21473aa0e.jpg;{bbox: [50, 130, 180, 180]};[50, 130, 180, 180];[33, 32, 119.25, 113.75];0.0
49;data/roboflow/glue_2_jpg.rf.8a15037652e0c691b02a6e546d5a1bbf.jpg;{bbox: [70, 78, 130, 122]};[70, 78, 130, 122];[138, 233, 180.5, 382.16999999999996];0.0
50;data/roboflow/wrench_11_jpg.rf.89e651e4fa1e825d7ca9187a175200b6.jpg;{bbox: [112, 154, 205, 228]};[112, 154, 205, 228];[50, 55, 117.96, 94.07];0.0
51;data/roboflow/wacker_16_jpg.rf.2147f7f6bf8bb1e498199e5d7b08b40a.jpg;{bbox: [540, 480, 580, 510]};[540, 480, 580, 510];[935, 765, 986.25, 811.25];0.0
52;data/roboflow/wacker_15_jpg.rf.749dc2f49bd5654fdbe3747de8cf48bb.jpg;{bbox: [270, 250, 370, 280]};[270, 250, 370, 280];[357, 221, 377.71, 232.43];0.0
53;data/roboflow/glue_6_jpg.rf.619ad5b67a361a53be56c8fbfdfc7b12.jpg;{bounding_box: [641, 321, 685, 359]};[641, 321, 685, 359];[104, 66, 116.96000000000001, 85.26];0.0
54;data/roboflow/saw_19_jpg.rf.8f47d8dbf342a941d9de7a54cd7d4ef8.jpg;{bbox: [127, 344, 157, 374]};[127, 344, 157, 374];[244, 42, 267.12, 47.31];0.0
55;data/roboflow/drill_6_jpg.rf.3f895b36079933bf8e2e59fbbb0bcc0a.jpg;{bbox: [314, 164, 396, 199]};[314, 164, 396, 199];[646, 437, 661, 509.15];0.0
56;data/roboflow/hammer_4_jpg.rf.be49520bcdc487c23b0f5cdfc8555d03.jpg;{bbox: [70, 80, 150, 160]};[70, 80, 150, 160];[112, 107, 218.48000000000002, 129.03];0.10585166473661935
57;data/roboflow/allen_6_jpg.rf.e32dab49b55efbfb4ef83c50b633003f.jpg;{x_min:85, y_min:180, x_max:280, y_max:430};;[102, 68, 284.31, 143.76999999999998];No predicted bbox found.
58;data/roboflow/nail_1_jpg.rf.ca3b1c00b4cee0fd6983ddacc4edd612.jpg;{x_min:557, y_min:371, x_max:607, y_max:386};;[335, 351, 364.5, 384];No predicted bbox found.
59;data/roboflow/screwdriver_6_jpg.rf.e8fbf1ef6ec0bca566d011cc989bcbc9.jpg;{x_min:274,y_min:320,x_max:374,y_max:370};;[545, 478, 898.5699999999999, 778];No predicted bbox found.
60;data/roboflow/saw_10_jpg.rf.369ecf7a1cbcd7bee2dd4631e4e7cd77.jpg;```json { bounding_box: [450, 320, 470, 340] } ```;[450, 320, 470, 340];[784, 209, 804.62, 249];0.0
61;data/roboflow/solder_18_jpg.rf.f3ae27d2c6d71f6cdae4c97a5da3103e.jpg;{bbox: [260, 330, 380, 480]};[260, 330, 380, 480];[44, 73, 115.48, 128.56];0.0
62;data/roboflow/wrench_4_jpg.rf.1bc53859ca2ff1f67ea1c393537bae51.jpg;{x_min:105, y_min:90, x_max:155, y_max:130};;[597, 403, 914.86, 761.5699999999999];No predicted bbox found.
63;data/roboflow/wacker_3_jpg.rf.43e9ae0cfc9d836d36e66e0220e97f1f.jpg;{bbox: [300, 250, 350, 280]};[300, 250, 350, 280];[217, 522, 252.82999999999998, 535.33];0.0
64;data/roboflow/allen_3_jpg.rf.f452a3b83561eb67c6141ea368168648.jpg;{x_min:502,y_min:138,x_max:535,y_max:218};;[142, 170, 555.5, 423.5];No predicted bbox found.
65;data/roboflow/wacker_5_jpg.rf.534ac3f6e093b02ebc610cf9b31141c3.jpg;{bounding_box: [800, 120, 850, 160]};[800, 120, 850, 160];[898, 582, 937, 597];0.0
66;data/roboflow/screwdriver_7_jpg.rf.fef662b242509997a0395209c9f8f941.jpg;{x_min:328, y_min:155, x_max:380, y_max:219};;[173, 17, 204.34, 68.33];No predicted bbox found.
67;data/roboflow/hammer_10_jpg.rf.295b81df7c4e3044a1fa86ecb6959009.jpg;{x_min:10, y_min:110, x_max:210, y_max:160};;[523, 512, 976.3399999999999, 595.33];No predicted bbox found.
68;data/roboflow/wrench_10_jpg.rf.dc0edb1bb8d02dc9c1059b588df7d8f0.jpg;{bbox: [72, 132, 158, 162]};[72, 132, 158, 162];[913, 300, 1244, 540];0.0
69;data/roboflow/hammer_18_jpg.rf.dfe188c41f795463dbcc7babd994c330.jpg;{x_min:222, y_min:340, x_max:342, y_max:434};;[127, 195, 168.32999999999998, 383.66999999999996];No predicted bbox found.
70;data/roboflow/screwdriver_5_jpg.rf.575f3ba9ba3035af307fe1c80d0066f1.jpg;{bbox: [385, 180, 595, 330]};[385, 180, 595, 330];[1590, 775, 2378.75, 1097.5];0.0
71;data/roboflow/screwdriver_10_jpg.rf.e90b90d3657072e118d91fa1188f2e8e.jpg;{x_min:114, y_min:119, x_max:180, y_max:229};;[101, 9, 166.70999999999998, 177.21];No predicted bbox found.
72;data/roboflow/saw_5_jpg.rf.251577bb54d32d45d70b87498870b6c5.jpg;{bounding_box: [370, 271, 430, 301]};[370, 271, 430, 301];[585, 157, 631.43, 190.57];0.0
73;data/roboflow/saw_17_jpg.rf.5ce2bac53e73010826e4a9de3af91fc9.jpg;{bbox: [355, 319, 383, 347]};[355, 319, 383, 347];[166, 119, 184.64, 147.64];0.0
74;data/roboflow/wacker_17_jpg.rf.59bbe305aa8c51bfde475e59faba15a3.jpg;{ bbox: [410, 230, 470, 270] };[410, 230, 470, 270];[1135, 465, 1212.5, 493.75];0.0
75;data/roboflow/solder_19_jpg.rf.6ba82ef7654945a115827964553b9f86.jpg;{x_min:180, y_min:150, x_max:280, y_max:250};;[288, 223, 398, 310.90999999999997];No predicted bbox found.
76;data/roboflow/screwdriver_0_jpg.rf.47ddc4bdab6af5228c6456ea355534b8.jpg;{x_min:270, y_min:260, x_max:370, y_max:330};;[47, 44, 132.34, 150.32999999999998];No predicted bbox found.
77;data/roboflow/saw_11_jpg.rf.ef778852807d9700d37342481a46b674.jpg;{bounding_box: [390, 370, 440, 420]};[390, 370, 440, 420];[477, 357, 543, 372.5];0.0
78;data/roboflow/wacker_1_jpg.rf.3aa1825fc5e85db70c628bbff2cef848.jpg;{x_min:448, y_min:262, x_max:464, y_max:278};;[406, 334, 440.5, 356];No predicted bbox found.
79;data/roboflow/wrench_3_jpg.rf.5688e17fbf1f3fa1e675f1780e9bcdee.jpg;{bbox: [342, 205, 444, 283]};[342, 205, 444, 283];[496, 331, 566, 974];0.0
80;data/roboflow/nail_18_jpg.rf.ca0aa65b5b35c49485de3519192627e9.jpg;{ bounding_box: [596, 273, 644, 319] };[596, 273, 644, 319];[1350, 723, 1400, 848];0.0
81;data/roboflow/nail_4_jpg.rf.004c821c0b80d982e00465f2ec4ce69f.jpg;{ bounding_box: [120, 100, 180, 150] };[120, 100, 180, 150];[117, 135, 124.71, 145.83];0.016820929335298714
82;data/roboflow/allen_16_jpg.rf.56825daea3cb1ce94eb216620f07142a.jpg;{bbox: [70, 220, 190, 310]};[70, 220, 190, 310];[118, 44, 141.96, 240.04];0.03197440760313672
83;data/roboflow/solder_15_jpg.rf.9fe111e492dc5f76a67f271c63763cfc.jpg;{bbox: [149, 297, 277, 370]};[149, 297, 277, 370];[263, 481, 347.37, 667.88];0.0
84;data/roboflow/solder_6_jpg.rf.95a632bd111bc3f1f074edf23bbac04e.jpg;{ bounding_box: [150, 200, 300, 350] };[150, 200, 300, 350];[148, 111, 223.16, 135.38];0.0
85;data/roboflow/saw_9_jpg.rf.4a74dcc308d112ff86028beeb86ebd1b.jpg;{bounding_box: [610, 247, 648, 285]};[610, 247, 648, 285];[939, 253, 970.43, 305.85];0.0
86;data/roboflow/hammer_13_jpg.rf.b9cecdc13f6529d4aa2a4aa8a5373dec.jpg;{bbox: [169, 123, 375, 214]};[169, 123, 375, 214];[231, 208, 1251.63, 340.49];0.005643176144989189
87;data/roboflow/wacker_6_jpg.rf.b216f2fd6df84d287d59f61952666bab.jpg;{bounding_box: [510, 380, 530, 400]};[510, 380, 530, 400];[138, 169, 153.28, 176.78];0.0
88;data/roboflow/saw_1_jpg.rf.dabeec130f46a0ed64b7181f627e80b4.jpg;{x_min:367, y_min:147, x_max:405, y_max:179};;[403, 259, 475.14, 299];No predicted bbox found.
89;data/roboflow/hammer_9_jpg.rf.ae9639e7c8ea7a8f852d0d0c52054069.jpg;{bbox: [75, 20, 345, 106]};[75, 20, 345, 106];[567, 502, 948.6700000000001, 586.17];0.0
90;data/roboflow/wrench_7_jpg.rf.d641a5052e86bd3f20db3e0a60202807.jpg;{x_min:116, y_min:99, x_max:221, y_max:151};;[111, 80, 306.25, 168.5];No predicted bbox found.
91;data/roboflow/wacker_9_jpg.rf.1ca5109d13dd10dc9dff8247d6651c6d.jpg;{bounding_box: [481, 222, 519, 258]};[481, 222, 519, 258];[1194, 696, 1219, 710];0.0
92;data/roboflow/wacker_7_jpg.rf.70fd0164c6c486da49500c41f7938930.jpg;{bounding_box: [430, 200, 470, 240]};[430, 200, 470, 240];[47, 236, 64.22, 246];0.0
93;data/roboflow/wacker_12_jpg.rf.6e0fca0ef35537788d49e48c6aadcb74.jpg;{ bounding_box: [620, 410, 680, 470] };[620, 410, 680, 470];[985, 698, 1032.5, 719.25];0.0
94;data/roboflow/glue_11_jpg.rf.70118f43562387f2c89ace63f2c4dd9e.jpg;{x_min: 250, y_min: 250, x_max: 300, y_max: 300};;[608, 665, 721.75, 735];No predicted bbox found.
95;data/roboflow/wacker_18_jpg.rf.8860d00066a92ef5c0ab20cd5f7352ba.jpg;{bbox: [650, 200, 700, 240]};[650, 200, 700, 240];[739, 188, 757.75, 206.75];0.0
96;data/roboflow/glue_12_jpg.rf.c0123478d172c7a1a85ab00b021bc6c1.jpg;{bounding_box: [200, 350, 250, 400]};[200, 350, 250, 400];[194, 318, 232.19, 350.27];0.002334049466927898
97;data/roboflow/glue_1_jpg.rf.da77fbeb1a8f03ddfd89710b581a10aa.jpg;{x_min: 340, y_min: 150, x_max: 370, y_max: 180};;[237, 326, 278.5, 416];No predicted bbox found.
98;data/roboflow/wacker_8_jpg.rf.4681371591f966572891d1617b75503a.jpg;{bbox: [368, 226, 416, 268]};[368, 226, 416, 268];[297, 267, 322, 285.64];0.0
99;data/roboflow/drill_5_jpg.rf.ce91003ea2dbd3846b483be0452e5f5a.jpg;{bbox: [285, 180, 310, 205]};[285, 180, 310, 205];[184, 138, 193.47, 153.52];0.0
100;data/roboflow/solder_2_jpg.rf.33e64abc8c3f90f08df71b0827cdae07.jpg;{x_min:140, y_min:100, x_max:240, y_max:160};;[215, 161, 269.65999999999997, 203.32999999999998];No predicted bbox found.
101;data/roboflow/wrench_5_jpg.rf.779c6debdb052cede0d2543998297605.jpg;{x_min:480, y_min:365, x_max:580, y_max:385};;[245, 544, 909, 695];No predicted bbox found.
102;data/roboflow/drill_15_jpg.rf.cf5a361374a6941061ada1024ee8a0ef.jpg;{bounding_box: [420, 160, 470, 210]};[420, 160, 470, 210];[534, 389, 583.17, 475.65999999999997];0.0
103;data/roboflow/allen_10_jpg.rf.f22ee109908456d2820f51f610f46529.jpg;{ bbox: [70, 80, 130, 150] };[70, 80, 130, 150];[227, 303, 934.5, 410.5];0.0
104;data/roboflow/wrench_13_jpg.rf.4caf9cd8b49890ef93a1c00ce41e08ee.jpg;{bounding_box: [157, 147, 250, 234]};[157, 147, 250, 234];[108, 76, 138, 137.48];0.0
105;data/roboflow/nail_13_jpg.rf.1f0041024e3f62229e34450ab961ebf1.jpg;{bbox: [278, 356, 319, 387]};[278, 356, 319, 387];[258, 219, 268, 237];0.0
106;data/roboflow/solder_9_jpg.rf.5cee98ab2544208a4c02239bf354b2a5.jpg;{x_min:304, y_min:328, x_max:375, y_max:385};;[218, 157, 403.84000000000003, 284.08];No predicted bbox found.
107;data/roboflow/nail_11_jpg.rf.c6410dd7af2bad845d6cabc69b20f5b6.jpg;[137, 168, 167, 203];[137, 168, 167, 203];[690, 348, 718.12, 384.87];0.0
108;data/roboflow/glue_5_jpg.rf.74127088b07faf53064c99c5a1c9729f.jpg;{bbox: [51, 144, 105, 172]};[51, 144, 105, 172];[1002, 614, 1071, 791];0.0
109;data/roboflow/allen_17_jpg.rf.4abd1e9438888b7b74a5d25c9c14f57f.jpg;{x_min:87, y_min:187, x_max:170, y_max:256};;[299, 239, 438.5, 337.5];No predicted bbox found.
110;data/roboflow/saw_3_jpg.rf.00ac9c7738eca4db89990d955e913c97.jpg;[ 176, 50, 216, 80 ];[176, 50, 216, 80];[362, 178, 396.17, 223];0.0
111;data/roboflow/saw_15_jpg.rf.d95aa641412a788141d574db07c90dc0.jpg;{bounding_box: [385, 245, 422, 278]};[385, 245, 422, 278];[415, 165, 446.5, 225.5];0.0
112;data/roboflow/allen_12_jpg.rf.d2442148d7fb66f0c553106bd546fde5.jpg;{bounding_box: [90, 200, 180, 330]};[90, 200, 180, 330];[128, 61, 168.55, 125.31];0.0
113;data/roboflow/drill_10_jpg.rf.617b871bde9bf6d7f74ce46376ba9677.jpg;{bbox: [340, 235, 370, 265]};[340, 235, 370, 265];[287, 188, 300.84, 217.23];0.0
114;data/roboflow/screwdriver_17_jpg.rf.6f3ba1391076f55e6d1477d0a2a04490.jpg;{bbox: [80, 130, 240, 190]};[80, 130, 240, 190];[132, 222, 186.66, 361.33000000000004];0.0
115;data/roboflow/nail_10_jpg.rf.e8c10c27adad7180f857ed963ee8ea4d.jpg;{bounding_box: [390, 540, 430, 580]};[390, 540, 430, 580];[135, 124, 146.04, 134.83];0.0
116;data/roboflow/wrench_14_jpg.rf.311eeee1f50a33d7ba19b31e3cff11b1.jpg;{bbox: [210, 215, 380, 330]};[210, 215, 380, 330];[1160, 790, 1865, 946.67];0.0
117;data/roboflow/wacker_4_jpg.rf.8b58c303a0be79b0bf5eb1787863c3ab.jpg;{bbox: [205, 380, 250, 430]};[205, 380, 250, 430];[436, 646, 454, 695];0.0
118;data/roboflow/wrench_15_jpg.rf.42f8c7c01944ef48270def696cf1043d.jpg;{ bbox: [232, 230, 265, 262] };[232, 230, 265, 262];[141, 76, 565, 590];0.004845459217384921
119;data/roboflow/hammer_1_jpg.rf.55e5712fb05f7db21a76e912587ec234.jpg;{bbox: [140, 100, 310, 250]};[140, 100, 310, 250];[82, 120, 110.13, 244.38];0.0
120;data/roboflow/screwdriver_1_jpg.rf.f272de78412ad2c531057645ec07c61e.jpg;{bbox: [245, 232, 272, 259]};[245, 232, 272, 259];[262, 66, 321.06, 157.56];0.0
121;data/roboflow/allen_19_jpg.rf.00ae41782552de95b6dbe42a2033dd17.jpg;{x_min:150, y_min:400, x_max:400, y_max:540};;[145, 134, 303.83000000000004, 225.17000000000002];No predicted bbox found.
122;data/roboflow/drill_13_jpg.rf.52f030bf69a62861b2393732da0e9827.jpg;{x_min:338, y_min:400, x_max:392, y_max:430};;[312, 307, 430, 393];No predicted bbox found.
123;data/roboflow/hammer_17_jpg.rf.d4b91f72a62fc90a8873256c5bf4bc3c.jpg;{bbox: [121, 97, 377, 227]};[121, 97, 377, 227];[828, 337, 1453.83, 468.66999999999996];0.0
124;data/roboflow/drill_4_jpg.rf.4248ac48968ef128b497e218c7a23095.jpg;{bounding_box: [48, 80, 73, 105]};[48, 80, 73, 105];[180, 222, 201, 234.5];0.0
125;data/roboflow/drill_19_jpg.rf.75f6f2ec74b675459c112a2a9161f551.jpg;{x_min:330,y_min:290,x_max:370,y_max:310};;[274, 240, 309.42, 259.16];No predicted bbox found.
126;data/roboflow/saw_8_jpg.rf.be9b0007f6a223a997ebd5619bfe44dc.jpg;{bbox: [448, 377, 480, 404]};[448, 377, 480, 404];[212, 109, 230.75, 138.59];0.0
127;data/roboflow/glue_0_jpg.rf.5cb7eab2a906d41299bc60c6d9b206be.jpg;{bounding_box: [316, 16, 350, 50]};[316, 16, 350, 50];[1243, 715, 1324.67, 1100];0.0
128;data/roboflow/saw_7_jpg.rf.109812051e475e298545865a31ed87f6.jpg;{bbox: [133, 161, 191, 209]};[133, 161, 191, 209];[626, 354, 660.16, 385.67];0.0
129;data/roboflow/nail_0_jpg.rf.cf3d235e94862258918057e38236c8dd.jpg;{ bounding_box: [250, 140, 300, 180] };[250, 140, 300, 180];[394, 554, 459, 578];0.0
130;data/roboflow/glue_19_jpg.rf.d413783fc14438fec0222b1250d37c98.jpg;{bbox: [115, 90, 155, 120]};[115, 90, 155, 120];[104, 98, 128.22, 123.31];0.1910695545998136
131;data/roboflow/screwdriver_3_jpg.rf.3a333c42804a68966bea544528966317.jpg;{bbox: [33, 161, 115, 203]};[33, 161, 115, 203];[274, 116, 334.5, 321];0.0
132;data/roboflow/drill_2_jpg.rf.1a5212189e5706880c9479850bc0fc97.jpg;{ bbox: [262, 84, 319, 132] };[262, 84, 319, 132];[541, 673, 618.5, 783];0.0
133;data/roboflow/wrench_0_jpg.rf.968d82377e09dd33302425888696c200.jpg;{x_min:380, y_min:180, x_max:520, y_max:250};;[2092, 227, 2792, 817];No predicted bbox found.
134;data/roboflow/glue_14_jpg.rf.ef00da097967ccc7af96873d9d3dc333.jpg;{bounding_box: [385, 348, 420, 373]};[385, 348, 420, 373];[75, 77, 79.04, 100.23];0.0
135;data/roboflow/wrench_2_jpg.rf.a2afaa627952c8b40ba0f8ae446395f4.jpg;{bbox: [160, 250, 290, 330]};[160, 250, 290, 330];[340, 457, 728, 1025];0.0
136;data/roboflow/glue_17_jpg.rf.db2f88c43c959eebeeaaa9c9a5512e5c.jpg;{bounding_box: [560, 390, 590, 410]};[560, 390, 590, 410];[75, 77, 80.65, 99.74];0.0
137;data/roboflow/drill_18_jpg.rf.0f42ffb7f664acc515f8d2a839cb54ca.jpg;{x_min:518,y_min:368,x_max:542,y_max:392};;[491, 525, 545, 612];No predicted bbox found.
138;data/roboflow/wacker_13_jpg.rf.6d69a2148e91250045526bbc78181b15.jpg;{bounding_box: [580, 420, 620, 455]};[580, 420, 620, 455];[1705, 138, 1752.5, 170.5];0.0
139;data/roboflow/wacker_0_jpg.rf.86c904f3270e1c14d2dc09cd4c07c125.jpg;{x_min:585, y_min:278, x_max:610, y_max:294};;[700, 374, 755.71, 390.43];No predicted bbox found.
140;data/roboflow/screwdriver_9_jpg.rf.75fc1ec75dcf784c3571c406697000b1.jpg;{bbox: [305, 210, 321, 250]};[305, 210, 321, 250];[68, 23, 104.46000000000001, 111.54];0.0
141;data/roboflow/nail_2_jpg.rf.17dbc55b6601a8b0ad44d388c3685117.jpg;{bbox: [55, 50, 90, 65]};[55, 50, 90, 65];[217, 302, 251.5, 338];0.0
142;data/roboflow/hammer_6_jpg.rf.d97604e1b053a8bb69c2abccd9896ef5.jpg;{bbox: [110, 20, 240, 80]};[110, 20, 240, 80];[119, 123, 331, 159.5];0.0
143;data/roboflow/hammer_7_jpg.rf.f20fc313f9dc5bcf87ab92fa78e56629.jpg;{x_min:138, y_min:134, x_max:278, y_max:184};;[20, 132, 301.94, 196.5];No predicted bbox found.
144;data/roboflow/wrench_12_jpg.rf.327c0c64c489bb9a731ba4043353d7d4.jpg;{x_min:5, y_min:4, x_max:13, y_max:12};;[855, 885, 1151.67, 1825];No predicted bbox found.
145;data/roboflow/hammer_19_jpg.rf.ed319d2dccdb410a674538614e984936.jpg;{bounding_box: [280, 180, 420, 320]};[280, 180, 420, 320];[127, 93, 208.48000000000002, 117.26];0.0
146;data/roboflow/solder_3_jpg.rf.059fb280e11c0615605b82aaf38b56b4.jpg;{bbox: [267, 393, 462, 468]};[267, 393, 462, 468];[126, 134, 247.67000000000002, 178.45];0.0
147;data/roboflow/nail_6_jpg.rf.c51a692ff3a2a1695c888862840f1a2e.jpg;```json [380, 320, 420, 360] ```;[380, 320, 420, 360];[1006, 595, 1054.75, 668.75];0.0
148;data/roboflow/wacker_14_jpg.rf.c259733b8d02dd602401799e3ef77391.jpg;{bbox: [415, 250, 445, 280]};[415, 250, 445, 280];[475, 370, 494, 397];0.0
149;data/roboflow/wrench_9_jpg.rf.99d3f0caf4e8770424aff1ca539b3718.jpg;{bbox: [76, 78, 243, 152]};[76, 78, 243, 152];[44, 97, 404.5, 213];0.204151941499411
150;data/roboflow/allen_7_jpg.rf.de65912c03b4e399bca10e2cbcb7f960.jpg;{bbox: [150, 60, 280, 130]};[150, 60, 280, 130];[193, 16, 244.72, 86.94];0.12248382514276068
151;data/roboflow/solder_13_jpg.rf.b89dfb4e46d0332a54ff47bf1e190eb8.jpg;{bounding_box: [229, 136, 310, 200]};[229, 136, 310, 200];[103, 81, 133, 189.75];0.0
152;data/roboflow/glue_15_jpg.rf.3aef761c7936e5cd086ab3a3f820f823.jpg;{bbox: [250, 90, 280, 120]};[250, 90, 280, 120];[300, 228, 326, 287];0.0
153;data/roboflow/wacker_11_jpg.rf.9b7cd2ed30ebc8fce262d956d6adc4a2.jpg;{bbox: [523, 498, 583, 541]};[523, 498, 583, 541];[263, 191, 274.25, 203.08];0.0
154;data/roboflow/drill_3_jpg.rf.3f880ad07c21569127b115ff86dda4f7.jpg;{bounding_box: [367, 119, 477, 199]};[367, 119, 477, 199];[472, 418, 550.89, 507.45];0.0
155;data/roboflow/solder_16_jpg.rf.243d99cf2b83a48bff1aaae682347418.jpg;{x_min:187, y_min:133, x_max:320, y_max:174};;[72, 111, 245.61, 158.78];No predicted bbox found.
156;data/roboflow/nail_8_jpg.rf.b5946764e32598fedd52ef0a14f46135.jpg;{bbox: [560, 220, 600, 260]};[560, 220, 600, 260];[893, 680, 934.25, 782.5];0.0
157;data/roboflow/saw_12_jpg.rf.0de55e62c07a477107d925b033af221e.jpg;{x_min:488, y_min:422, x_max:517, y_max:448};;[910, 310, 930.63, 347.5];No predicted bbox found.
158;data/roboflow/nail_17_jpg.rf.f25272b787dcfa80488008918f505907.jpg;{bbox: [398, 220, 444, 258]};[398, 220, 444, 258];[463, 309, 502.38, 335.88];0.0
159;data/roboflow/allen_14_jpg.rf.f0cb183b90bffc8b7187076abf866549.jpg;{bbox: [36, 321, 459, 370]};[36, 321, 459, 370];[505, 543, 1133.75, 809.25];0.0
160;data/roboflow/screwdriver_2_jpg.rf.6aa70b18945100e04471d37e76e9fdc3.jpg;{x_min:749,y_min:434,x_max:817,y_max:490};;[478, 219, 746, 455];No predicted bbox found.
161;data/roboflow/allen_4_jpg.rf.8e83c5d669993fb6fc2ec8b911561b57.jpg;{x_min:278,y_min:250,x_max:393,y_max:289};;[31, 50, 268.08000000000004, 157.5];No predicted bbox found.
162;data/roboflow/nail_12_jpg.rf.01340587ec8332697c7a2250fc2b3def.jpg;{bounding_box: [194, 275, 230, 304]};[194, 275, 230, 304];[111, 87, 120.26, 98.85];0.0
163;data/roboflow/nail_15_jpg.rf.7e07e37aae26e758ded31604210a1bdf.jpg;{bounding_box: [250, 300, 350, 360]};[250, 300, 350, 360];[105, 106, 120.47, 113.19];0.0
164;data/roboflow/hammer_15_jpg.rf.6eb9f0d8aff263ee6bbe512f6c3a8362.jpg;{bbox: [160, 130, 250, 250]};[160, 130, 250, 250];[98, 85, 114.76, 170];0.0
165;data/roboflow/drill_14_jpg.rf.48b8a06b8732562d7b244613b2c90bfc.jpg;{x_min:550, y_min:410, x_max:620, y_max:460};;[252, 185, 267.27, 212.63];No predicted bbox found.
166;data/roboflow/saw_6_jpg.rf.eac0e3851c38dfa8b6a5efb40f5eeda3.jpg;{bounding_box: [420, 150, 470, 200]};[420, 150, 470, 200];[417, 290, 451, 380];0.0
167;data/roboflow/drill_7_jpg.rf.1e972d47ab5067c6a9a37d06c7244a73.jpg;{bbox: [240, 210, 280, 240]};[240, 210, 280, 240];[612, 482, 628, 527];0.0
168;data/roboflow/hammer_16_jpg.rf.b68d7216a71544b9127949ebb4328060.jpg;{x_min:210, y_min:250, x_max:370, y_max:390};;[15, 213, 146.33, 347];No predicted bbox found.
169;data/roboflow/allen_0_jpg.rf.9831ceb15ba0394c612a3ce5e77a0ab1.jpg;{bbox: [50, 140, 240, 180]};[50, 140, 240, 180];[101, 483, 1060.38, 543];0.0
170;data/roboflow/allen_5_jpg.rf.59c0f99f54920817d8557916290da3c4.jpg;{bounding_box: [132, 168, 373, 269]};[132, 168, 373, 269];[43, 64, 184.94, 90.67];0.0
171;data/roboflow/hammer_0_jpg.rf.a367809a323966ccb20750815967b2dc.jpg;{bbox: [120, 170, 220, 280]};[120, 170, 220, 280];[113, 96, 249.33, 361.34];0.3040874702411017
172;data/roboflow/solder_17_jpg.rf.78859b21a0c6bf102e6eb651af7f0880.jpg;{bbox: [174, 138, 255, 183]};[174, 138, 255, 183];[58, 140, 352.29, 186.79];0.2500030667186407
173;data/roboflow/hammer_12_jpg.rf.f19a2f6e8bbb763e189711e593efac7c.jpg;{bounding_box: [ SSH, y_min, x_max, y_max ]};;[74, 136, 87.33, 211.63];No predicted bbox found.
174;data/roboflow/solder_4_jpg.rf.5aed0994a4415fcda7b62fdd8d456fef.jpg;{bbox: [85, 124, 360, 178]};[85, 124, 360, 178];[608, 626, 1179.25, 859.75];0.0
175;data/roboflow/wrench_6_jpg.rf.c87f7434a7bd8954688f4a8699d9f87d.jpg;{bbox: [93, 77, 190, 146]};[93, 77, 190, 146];[153, 40, 339.5, 177.5];0.08571788307382382
176;data/roboflow/glue_18_jpg.rf.d0dda10f6eb24fe692aa23d0aab963e8.jpg;{bbox: [150, 130, 210, 160]};[150, 130, 210, 160];[1492, 1207, 1668.66, 1733.67];0.0
177;data/roboflow/screwdriver_14_jpg.rf.43d008f5298fdb8d32a000dcbfc20d5f.jpg;{bbox: [140, 170, 340, 250]};[140, 170, 340, 250];[145, 3, 209, 85];0.0
178;data/roboflow/drill_8_jpg.rf.446ff4194ea5f6f40308041f14723583.jpg;{ bbox: [430, 105, 520, 140] };[430, 105, 520, 140];[551, 526, 594, 610];0.0
179;data/roboflow/hammer_2_jpg.rf.cd873a1251dafc8339f959a1543c129d.jpg;{bbox: [91, 129, 158, 174]};[91, 129, 158, 174];[19, 116, 209.23, 181.45999999999998];0.24212091561890955
180;data/roboflow/nail_19_jpg.rf.54dbcfec9351343785e8ae2341bcd152.jpg;{bounding_box: [300, 120, 340, 160]};[300, 120, 340, 160];[90, 66, 103.71000000000001, 73.74];0.0
181;data/roboflow/wrench_19_jpg.rf.b0b0e22ad6dbcee249bbf45b5b667751.jpg;{x_min:54, y_min:40, x_max:148, y_max:78};;[91, 136, 258.5, 358.90999999999997];No predicted bbox found.
182;data/roboflow/drill_9_jpg.rf.f3f19c6472fe36549dc1526e4ccbadbc.jpg;{bbox: [344, 104, 377, 132]};[344, 104, 377, 132];[574, 552, 602, 642];0.0
183;data/roboflow/allen_8_jpg.rf.0c60c9593220eb8296792523463197ed.jpg;{x_min:317, y_min:151, x_max:430, y_max:170};;[145, 123, 340.56, 283.56];No predicted bbox found.
184;data/roboflow/glue_8_jpg.rf.0df23a4f53349dd006c1bab9b7f396ef.jpg;{bbox: [247, 232, 273, 258]};[247, 232, 273, 258];[649, 623, 676, 720];0.0
185;data/roboflow/drill_1_jpg.rf.ad0311e1f82d679d8b11b5f7af83e7ba.jpg;{bbox: [124, 493, 188, 530]};[124, 493, 188, 530];[737, 867, 825.33, 968.66];0.0
186;data/roboflow/screwdriver_13_jpg.rf.6eb41898b20b245ef9855ffd4d759eaf.jpg;{x_min:290, y_min:250, x_max:400, y_max:350};;[292, 213, 579, 548];No predicted bbox found.
187;data/roboflow/saw_13_jpg.rf.6c2a2ffc316fe722a802dfdeaa792205.jpg;{bbox: [375, 390, 410, 425]};[375, 390, 410, 425];[737, 350, 755.33, 375.56];0.0
188;data/roboflow/glue_16_jpg.rf.58133883125a2e8669acf4c349531813.jpg;{x_min:410,y_min:620,x_max:470,y_max:680};;[381, 239, 423.5, 371.5];No predicted bbox found.
189;data/roboflow/hammer_11_jpg.rf.7127bdc7954f8ed0c83efa64f439d5ee.jpg;{bounding_box: [90, 170, 170, 320]};[90, 170, 170, 320];[79, 34, 103.32, 148.09];0.0
190;data/roboflow/screwdriver_8_jpg.rf.ff89afcd7ff42203451f1b83d4282260.jpg;{bbox: [150, 180, 360, 280]};[150, 180, 360, 280];[243, 637, 421, 1106];0.0
191;data/roboflow/glue_4_jpg.rf.42589b357cb58229f80db34330c489a2.jpg;{ bbox: [250, 220, 340, 280] };[250, 220, 340, 280];[382, 333, 408, 414];0.0
192;data/roboflow/drill_17_jpg.rf.6576ae60e8e062a8c7aee0fac775b675.jpg;{bbox: [53, 138, 81, 161]};[53, 138, 81, 161];[206, 139, 226, 171.67000000000002];0.0
193;data/roboflow/solder_8_jpg.rf.bd0265780fd448ad5ea358a0e3d9d140.jpg;{bbox: [320, 330, 440, 385]};[320, 330, 440, 385];[434, 189, 757.12, 377.12];0.004213248656970362
194;data/roboflow/wacker_10_jpg.rf.59b3c438afa5389e99aeb3141c689c70.jpg;{bounding_box: [400, 200, 440, 240]};[400, 200, 440, 240];[259, 122, 278.38, 138.88];0.0
195;data/roboflow/allen_18_jpg.rf.f8eb96b280ed44d4ff2402621a4f2524.jpg;{bbox: [150, 100, 350, 300]};[150, 100, 350, 300];[507, 369, 1058, 884];0.0
196;data/roboflow/wrench_17_jpg.rf.c962a7fe663f17b6539a8ba3b20f407b.jpg;{ bbox: [211, 180, 340, 240] };[211, 180, 340, 240];[1160, 1465, 1542.5, 2545];0.0
197;data/roboflow/solder_1_jpg.rf.2a611d6f4135cf0fe7dd546a00c68287.jpg;{bbox: [250, 200, 400, 280]};[250, 200, 400, 280];[297, 407, 463, 883];0.0
198;data/roboflow/wacker_19_jpg.rf.3173357cc72f6961605adbc301c4d09f.jpg;```json [420, 350, 460, 390] ```;[420, 350, 460, 390];[619, 389, 648.38, 400.88];0.0
199;data/roboflow/nail_3_jpg.rf.7da9e3dd7ccb178910591121f6b637a6.jpg;{bbox: [70, 40, 100, 70]};[70, 40, 100, 70];[191, 200, 230.28, 210];0.0
