img_id, img_path                                                                , text_output                       , pred_bbox              , target_bbox                                         , iou
     0, data/roboflow/screwdriver_19_jpg.rf.6250085fa1d7df8666abd0f2a6b03e19.jpg, "```json
                                                                                  [500, 140, 870, 480]
                                                                                  ```"                              , "[500, 140, 870, 480]" , "[213, 39, 254.85, 109]"                            , 0.0
     1, data/roboflow/glue_13_jpg.rf.0df8478932e9b34ba87460e9bfd87b01.jpg       , "```json
                                                                                  [334, 274, 407, 360]
                                                                                  ```"                              , "[334, 274, 407, 360]" , "[249, 283, 317.33, 302.17]"                        , 0.0
     2, data/roboflow/saw_18_jpg.rf.ab0a958d9006ec43edf55d35ca68d3de.jpg        , "```json
                                                                                  [614, 375, 686, 455]
                                                                                  ```"                              , "[614, 375, 686, 455]" , "[410, 213, 425.45, 241.18]"                        , 0.0
     3, data/roboflow/solder_14_jpg.rf.51572171683d9fb98c4af7058ac33310.jpg     , "```json
                                                                                  [380, 560, 760, 620]
                                                                                  ```"                              , "[380, 560, 760, 620]" , "[123, 120, 221, 138]"                              , 0.0
     4, data/roboflow/wacker_2_jpg.rf.d87338dbcfe8c38ef9f1aebd1f6c5e62.jpg      , "```json
                                                                                  [490, 535, 540, 575]
                                                                                  ```"                              , "[490, 535, 540, 575]" , "[311, 237, 333.86, 249.14]"                        , 0.0
     5, data/roboflow/wrench_18_jpg.rf.14cf4c6c94b5729b581f65caf6cb8a50.jpg     , "```json
                                                                                  [282, 453, 762, 867]
                                                                                  ```"                              , "[282, 453, 762, 867]" , "[329, 340, 592.12, 591.25]"                        , 0.15922929469470598
     6, data/roboflow/saw_2_jpg.rf.72f9810ddb3e1e20ee87f6da5f52fabb.jpg         , "```json
                                                                                  [602, 301, 706, 401]
                                                                                  ```"                              , "[602, 301, 706, 401]" , "[543, 184, 609.4300000000001, 214]"                , 0.0
     7, data/roboflow/solder_11_jpg.rf.7aa6405f7bb7683bab7f4c9be42ffc63.jpg     , "```json
                                                                                  [470, 110, 850, 210]
                                                                                  ```"                              , "[470, 110, 850, 210]" , "[364, 76, 419.89, 147.76]"                         , 0.0
     8, data/roboflow/saw_4_jpg.rf.2e854c7822c53ccda24e718afee152d1.jpg         , "```json
                                                                                  [641, 715, 689, 755]
                                                                                  ```"                              , "[641, 715, 689, 755]" , "[511, 600, 549, 694]"                              , 0.0
     9, data/roboflow/screwdriver_15_jpg.rf.8acaf201eba6395a5242d168d1a5a978.jpg, "```json
                                                                                  [590, 570, 890, 690]
                                                                                  ```"                              , "[590, 570, 890, 690]" , "[864, 774, 1064, 949]"                             , 0.0
    10, data/roboflow/allen_9_jpg.rf.df991db918e51a8a83d037dfcec94b82.jpg       , "```json
                                                                                  [302, 235, 608, 400]
                                                                                  ```"                              , "[302, 235, 608, 400]" , "[271, 107, 426.83000000000004, 308.66999999999996]", 0.12646073756040457
    11, data/roboflow/glue_7_jpg.rf.5bb8f616e9372edbbeddb27fc765e336.jpg        , "```json
                                                                                  [648, 551, 712, 608]
                                                                                  ```"                              , "[648, 551, 712, 608]" , "[331, 162, 343.19, 197.94]"                        , 0.0
    12, data/roboflow/drill_12_jpg.rf.86686d019ed7cf722ad3d8a677027769.jpg      , "```json
                                                                                  [420, 505, 480, 550]
                                                                                  ```"                              , "[420, 505, 480, 550]" , "[114, 78, 125.62, 84.49]"                          , 0.0
    13, data/roboflow/screwdriver_18_jpg.rf.4beea6c8b01da09b5e98e8265415572f.jpg, "```json
                                                                                  [415, 470, 580, 880]
                                                                                  ```"                              , "[415, 470, 580, 880]" , "[532, 695, 686, 1092]"                             , 0.07405677686226107
    14, data/roboflow/drill_0_jpg.rf.212ff2df5d728e39f939fd1dd4bcbb12.jpg       , "```json
                                                                                  [401, 331, 521, 461]
                                                                                  ```"                              , "[401, 331, 521, 461]" , "[524, 279, 635.88, 334.63]"                        , 0.0
    15, data/roboflow/nail_9_jpg.rf.3942bd693506149a09dec087470d9cb5.jpg        , "```json
                                                                                  [550, 400, 670, 460]
                                                                                  ```"                              , "[550, 400, 670, 460]" , "[317, 245, 335.85, 270.38]"                        , 0.0
    16, data/roboflow/glue_9_jpg.rf.7b6a82df2f4c1b116a5e2bdd2cfe3c15.jpg        , "```json
                                                                                  [
                                                                                  308,
                                                                                  377,
                                                                                  452,
                                                                                  455
                                                                                  ]
                                                                                  ```"                              , "[308, 377, 452, 455]" , "[79, 71, 92.97, 81.73]"                            , 0.0
    17, data/roboflow/drill_16_jpg.rf.cadd6d5497ef2a4c016c9832375a457c.jpg      , "```json
                                                                                  [375, 405, 420, 450]
                                                                                  ```"                              , "[375, 405, 420, 450]" , "[283, 270, 316.89, 315]"                           , 0.0
    18, data/roboflow/nail_5_jpg.rf.ca1eee2f9c7757408ee343df35fc1ea6.jpg        , "```json
                                                                                  [388, 372, 448, 432]
                                                                                  ```"                              , "[388, 372, 448, 432]" , "[227, 114, 252, 136.63]"                           , 0.0
    19, data/roboflow/nail_7_jpg.rf.3e0076daeb458ae570dbf132f6fdfe7d.jpg        , "```json
                                                                                  [685, 535, 765, 610]
                                                                                  ```"                              , "[685, 535, 765, 610]" , "[530, 359, 561.88, 405.25]"                        , 0.0
    20, data/roboflow/nail_14_jpg.rf.150a2f2104fc95ae39d31e17eaa03196.jpg       , "```json
                                                                                  [425, 500, 490, 555]
                                                                                  ```"                              , "[425, 500, 490, 555]" , "[589, 691, 610, 776]"                              , 0.0
    21, data/roboflow/solder_10_jpg.rf.fa9d6f121c57717ec26d23a194ec2e93.jpg     , "```json
                                                                                  [1, 376, 588, 572]
                                                                                  ```"                              , "[1, 376, 588, 572]"   , "[192, 182, 330.13, 259.82]"                        , 0.0
    22, data/roboflow/wrench_1_jpg.rf.1dca8e4e8d41fe556db62ebb6fce40d9.jpg      , "```json
                                                                                  [415, 360, 970, 575]
                                                                                  ```"                              , "[415, 360, 970, 575]" , "[176, 162, 360.7, 256.40999999999997]"             , 0.0
    23, data/roboflow/screwdriver_4_jpg.rf.3e9089aafa51caaccba91397ff711ccc.jpg , "```json
                                                                                  [415, 470, 775, 865]
                                                                                  ```"                              , "[415, 470, 775, 865]" , "[181, 205, 309.34000000000003, 332]"               , 0.0
    24, data/roboflow/wrench_8_jpg.rf.84a4a4861e86f1c1176767964d453fcf.jpg      , "```json
                                                                                  [200, 300, 800, 700]
                                                                                  ```"                              , "[200, 300, 800, 700]" , "[118, 115, 313.33000000000004, 281]"               , 0.0
    25, data/roboflow/hammer_14_jpg.rf.9f9e774553b5d79ab6a80096d9e248e7.jpg     , "```json
                                                                                  [350, 410, 660, 730]
                                                                                  ```"                              , "[350, 410, 660, 730]" , "[437, 289, 626, 491]"                              , 0.12541267643709705
    26, data/roboflow/screwdriver_16_jpg.rf.7ecda12851ea53649db62e4c1ec00d34.jpg, "```json
                                                                                  [90, 340, 500, 600]
                                                                                  ```"                              , "[90, 340, 500, 600]"  , "[169, 469, 559, 739.8399999999999]"                , 0.25677665091853574
    27, data/roboflow/allen_1_jpg.rf.5b9dbe6b90dbb311d50ce0bf7cdd94af.jpg       , "```json
                                                                                  [300, 500, 850, 570]
                                                                                  ```"                              , "[300, 500, 850, 570]" , "[184, 631, 1170, 722]"                             , 0.0
    28, data/roboflow/screwdriver_12_jpg.rf.fb58d324f595dce4a1561b146bf1e823.jpg, "```json
                                                                                  [458, 105, 532, 358]
                                                                                  ```"                              , "[458, 105, 532, 358]" , "[500, 62, 588.89, 299.78]"                         , 0.18536516317969848
    29, data/roboflow/screwdriver_11_jpg.rf.86ab0bb274d61307b1c8c456a1da45eb.jpg, "```json
                                                                                  [258, 108, 541, 521]
                                                                                  ```"                              , "[258, 108, 541, 521]" , "[93, 33, 125.82, 68.16]"                           , 0.0
    30, data/roboflow/wrench_16_jpg.rf.703192c2275ab50e76511cd07c5f0fa9.jpg     , "```json
                                                                                  [310, 315, 820, 585]
                                                                                  ```"                              , "[310, 315, 820, 585]" , "[306, 403, 691, 700]"                              , 0.3795339977997077
    31, data/roboflow/saw_0_jpg.rf.e6961a1c0a9f05470005a80d79862f58.jpg         , "```json
                                                                                  [677, 320, 760, 400]
                                                                                  ```"                              , "[677, 320, 760, 400]" , "[678, 620, 742, 646]"                              , 0.0
    32, data/roboflow/hammer_8_jpg.rf.53462f20f1fa485c80c9518436da3e42.jpg      , "[400, 340, 600, 590]"            , "[400, 340, 600, 590]" , "[129, 54, 195, 368]"                               , 0.0
    33, data/roboflow/allen_11_jpg.rf.a6c767081f97c455a64eb5ba085342fa.jpg      , "```json
                                                                                  [248, 38, 758, 370]
                                                                                  ```"                              , "[248, 38, 758, 370]"  , "[805, 195, 1862.5, 567.5]"                         , 0.0
    34, data/roboflow/glue_10_jpg.rf.ae54febb95813097775309389f29c77e.jpg       , "```json
                                                                                  [500, 485, 638, 577]
                                                                                  ```"                              , "[500, 485, 638, 577]" , "[110, 97, 137.34, 123.1]"                          , 0.0
    35, data/roboflow/solder_7_jpg.rf.3fa9b0142c7c519b08f9b792668d0360.jpg      , "```json
                                                                                  [240, 180, 360, 850]
                                                                                  ```"                              , "[240, 180, 360, 850]" , "[140, 282, 222, 579]"                              , 0.0
    36, data/roboflow/solder_12_jpg.rf.141cf71e923c9580c70f71e929b811fa.jpg     , "```json
                                                                                  [650, 250, 740, 445]
                                                                                  ```"                              , "[650, 250, 740, 445]" , "[664, 104, 750.87, 354]"                           , 0.252012689910246
    37, data/roboflow/solder_0_jpg.rf.d748f8da95299784b7e2496fd1026295.jpg      , "```json
                                                                                  [330, 280, 610, 420]
                                                                                  ```"                              , "[330, 280, 610, 420]" , "[1388, 1045, 2438, 1485]"                          , 0.0
    38, data/roboflow/allen_2_jpg.rf.7a42d727fb9820c4dd80dde675364208.jpg       , "```json
                                                                                  [150, 90, 890, 350]
                                                                                  ```"                              , "[150, 90, 890, 350]"  , "[217, 14, 581.1700000000001, 105.66]"              , 0.025913222522379903
    39, data/roboflow/nail_16_jpg.rf.643dc073f89e2c1d30be10cd1f3078c3.jpg       , "```json
                                                                                  [429, 362, 481, 400]
                                                                                  ```"                              , "[429, 362, 481, 400]" , "[276, 141, 313.33, 162]"                           , 0.0
    40, data/roboflow/saw_14_jpg.rf.bf77b5a93a3a0d5749379e266d44cb5e.jpg        , "```json
                                                                                  [279, 367, 356, 462]
                                                                                  ```"                              , "[279, 367, 356, 462]" , "[407, 116, 423.67, 177.66]"                        , 0.0
    41, data/roboflow/glue_3_jpg.rf.1357ae167c4ec9c85e80bd5e17b03c64.jpg        , "```json
                                                                                  [420, 362, 532, 497]
                                                                                  ```"                              , "[420, 362, 532, 497]" , "[290, 487, 424.15999999999997, 537]"               , 0.0019094480960599126
    42, data/roboflow/solder_5_jpg.rf.8386acfec94c47292d320319ceffefe5.jpg      , "```json
                                                                                  [490, 375, 590, 695]
                                                                                  ```"                              , "[490, 375, 590, 695]" , "[341, 379, 381.63, 592.13]"                        , 0.0
    43, data/roboflow/hammer_5_jpg.rf.111cf96c55a3c37f56afe7dc3f6224ee.jpg      , "```json
                                                                                  [440, 500, 560, 950]
                                                                                  ```"                              , "[440, 500, 560, 950]" , "[308, 686, 411, 1165]"                             , 0.0
    44, data/roboflow/saw_16_jpg.rf.08cb5bb3f895e6ddf476231d93cc87fc.jpg        , "```json
                                                                                  [610, 270, 680, 330]
                                                                                  ```"                              , "[610, 270, 680, 330]" , "[430, 230, 483, 298]"                              , 0.0
    45, data/roboflow/hammer_3_jpg.rf.d5d45780df9c29adadeb71cb01ef8fff.jpg      , "```json
                                                                                  [619, 442, 755, 878]
                                                                                  ```"                              , "[619, 442, 755, 878]" , "[432, 500, 518, 967]"                              , 0.0
    46, data/roboflow/allen_15_jpg.rf.84eacc06d0a77038d94e690f48ed9b39.jpg      , "```json
                                                                                  [250, 490, 750, 570]
                                                                                  ```"                              , "[250, 490, 750, 570]" , "[143, 550, 855.5, 619.17]"                         , 0.12612944980757382
    47, data/roboflow/drill_11_jpg.rf.2af05b31d23bbe92e005ce105e1800f0.jpg      , "```json
                                                                                  [445, 585, 495, 635]
                                                                                  ```"                              , "[445, 585, 495, 635]" , "[679, 429, 708.28, 506.86]"                        , 0.0
    48, data/roboflow/allen_13_jpg.rf.a0f01b6dde96397f10899cc21473aa0e.jpg      , "```json
                                                                                  [10, 10, 490, 170]
                                                                                  ```"                              , "[10, 10, 490, 170]"   , "[33, 32, 119.25, 113.75]"                          , 0.09180908203125
    49, data/roboflow/glue_2_jpg.rf.8a15037652e0c691b02a6e546d5a1bbf.jpg        , "```json
                                                                                  [285, 380, 345, 440]
                                                                                  ```"                              , "[285, 380, 345, 440]" , "[138, 233, 180.5, 382.16999999999996]"             , 0.0
    50, data/roboflow/wrench_11_jpg.rf.89e651e4fa1e825d7ca9187a175200b6.jpg     , "```json
                                                                                  [170, 190, 460, 460]
                                                                                  ```"                              , "[170, 190, 460, 460]" , "[50, 55, 117.96, 94.07]"                           , 0.0
    51, data/roboflow/wacker_16_jpg.rf.2147f7f6bf8bb1e498199e5d7b08b40a.jpg     , "```json
                                                                                  [595, 415, 630, 445]
                                                                                  ```"                              , "[595, 415, 630, 445]" , "[935, 765, 986.25, 811.25]"                        , 0.0
    52, data/roboflow/wacker_15_jpg.rf.749dc2f49bd5654fdbe3747de8cf48bb.jpg     , "```json
                                                                                  [843, 563, 917, 617]
                                                                                  ```"                              , "[843, 563, 917, 617]" , "[357, 221, 377.71, 232.43]"                        , 0.0
    53, data/roboflow/glue_6_jpg.rf.619ad5b67a361a53be56c8fbfdfc7b12.jpg        , "```json
                                                                                  [207, 396, 271, 461]
                                                                                  ```"                              , "[207, 396, 271, 461]" , "[104, 66, 116.96000000000001, 85.26]"              , 0.0
    54, data/roboflow/saw_19_jpg.rf.8f47d8dbf342a941d9de7a54cd7d4ef8.jpg        , "```json
                                                                                  [510, 140, 560, 190]
                                                                                  ```"                              , "[510, 140, 560, 190]" , "[244, 42, 267.12, 47.31]"                          , 0.0
    55, data/roboflow/drill_6_jpg.rf.3f895b36079933bf8e2e59fbbb0bcc0a.jpg       , "```json
                                                                                  [467, 465, 498, 495]
                                                                                  ```"                              , "[467, 465, 498, 495]" , "[646, 437, 661, 509.15]"                           , 0.0
    56, data/roboflow/hammer_4_jpg.rf.be49520bcdc487c23b0f5cdfc8555d03.jpg      , "```json
                                                                                  [700, 450, 970, 530]
                                                                                  ```"                              , "[700, 450, 970, 530]" , "[112, 107, 218.48000000000002, 129.03]"            , 0.0
    57, data/roboflow/allen_6_jpg.rf.e32dab49b55efbfb4ef83c50b633003f.jpg       , "```json
                                                                                  [270, 90, 730, 310]
                                                                                  ```"                              , "[270, 90, 730, 310]"  , "[102, 68, 284.31, 143.76999999999998]"             , 0.006735123837380599
    58, data/roboflow/nail_1_jpg.rf.ca3b1c00b4cee0fd6983ddacc4edd612.jpg        , "```json
                                                                                  [469, 439, 532, 477]
                                                                                  ```"                              , "[469, 439, 532, 477]" , "[335, 351, 364.5, 384]"                            , 0.0
    59, data/roboflow/screwdriver_6_jpg.rf.e8fbf1ef6ec0bca566d011cc989bcbc9.jpg , "```json
                                                                                  [470, 250, 920, 880]
                                                                                  ```"                              , "[470, 250, 920, 880]" , "[545, 478, 898.5699999999999, 778]"                , 0.3741481481481481
    60, data/roboflow/saw_10_jpg.rf.369ecf7a1cbcd7bee2dd4631e4e7cd77.jpg        , "```json
                                                                                  [825, 380, 870, 430]
                                                                                  ```"                              , "[825, 380, 870, 430]" , "[784, 209, 804.62, 249]"                           , 0.0
    61, data/roboflow/solder_18_jpg.rf.f3ae27d2c6d71f6cdae4c97a5da3103e.jpg     , "```json
                                                                                  [120, 230, 600, 670]
                                                                                  ```"                              , "[120, 230, 600, 670]" , "[44, 73, 115.48, 128.56]"                          , 0.0
    62, data/roboflow/wrench_4_jpg.rf.1bc53859ca2ff1f67ea1c393537bae51.jpg      , "```json
                                                                                  [480, 390, 890, 930]
                                                                                  ```"                              , "[480, 390, 890, 930]" , "[597, 403, 914.86, 761.5699999999999]"             , 0.45616413722379145
    63, data/roboflow/wacker_3_jpg.rf.43e9ae0cfc9d836d36e66e0220e97f1f.jpg      , "```json
                                                                                  [180, 485, 260, 575]
                                                                                  ```"                              , "[180, 485, 260, 575]" , "[217, 522, 252.82999999999998, 535.33]"            , 0.06633526388888906
    64, data/roboflow/allen_3_jpg.rf.f452a3b83561eb67c6141ea368168648.jpg       , "```json
                                                                                  [200, 485, 500, 744]
                                                                                  ```"                              , "[200, 485, 500, 744]" , "[142, 170, 555.5, 423.5]"                          , 0.0
    65, data/roboflow/wacker_5_jpg.rf.534ac3f6e093b02ebc610cf9b31141c3.jpg      , "```json
                                                                                  [648, 453, 670, 482]
                                                                                  ```"                              , "[648, 453, 670, 482]" , "[898, 582, 937, 597]"                              , 0.0
    66, data/roboflow/screwdriver_7_jpg.rf.fef662b242509997a0395209c9f8f941.jpg , "```json
                                                                                  [388, 0, 612, 232]
                                                                                  ```"                              , "[388, 0, 612, 232]"   , "[173, 17, 204.34, 68.33]"                          , 0.0
    67, data/roboflow/hammer_10_jpg.rf.295b81df7c4e3044a1fa86ecb6959009.jpg     , "```json
                                                                                  [570, 440, 810, 570]
                                                                                  ```"                              , "[570, 440, 810, 570]" , "[523, 512, 976.3399999999999, 595.33]"             , 0.2528297029100964
    68, data/roboflow/wrench_10_jpg.rf.dc0edb1bb8d02dc9c1059b588df7d8f0.jpg     , "```json
                                                                                  [645, 145, 975, 320]
                                                                                  ```"                              , "[645, 145, 975, 320]" , "[913, 300, 1244, 540]"                             , 0.009121000367782272
    69, data/roboflow/hammer_18_jpg.rf.dfe188c41f795463dbcc7babd994c330.jpg     , "```json
                                                                                  [155, 410, 275, 890]
                                                                                  ```"                              , "[155, 410, 275, 890]" , "[127, 195, 168.32999999999998, 383.66999999999996]", 0.0
    70, data/roboflow/screwdriver_5_jpg.rf.575f3ba9ba3035af307fe1c80d0066f1.jpg , "```json
                                                                                  [460, 385, 940, 505]
                                                                                  ```"                              , "[460, 385, 940, 505]" , "[1590, 775, 2378.75, 1097.5]"                      , 0.0
    71, data/roboflow/screwdriver_10_jpg.rf.e90b90d3657072e118d91fa1188f2e8e.jpg, "```json
                                                                                  [375, 180, 605, 630]
                                                                                  ```"                              , "[375, 180, 605, 630]" , "[101, 9, 166.70999999999998, 177.21]"              , 0.0
    72, data/roboflow/saw_5_jpg.rf.251577bb54d32d45d70b87498870b6c5.jpg         , "```json
                                                                                  [395, 470, 485, 560]
                                                                                  ```"                              , "[395, 470, 485, 560]" , "[585, 157, 631.43, 190.57]"                        , 0.0
    73, data/roboflow/saw_17_jpg.rf.5ce2bac53e73010826e4a9de3af91fc9.jpg        , "```json
                                                                                  [495, 305, 540, 355]
                                                                                  ```"                              , "[495, 305, 540, 355]" , "[166, 119, 184.64, 147.64]"                        , 0.0
    74, data/roboflow/wacker_17_jpg.rf.59bbe305aa8c51bfde475e59faba15a3.jpg     , "```json
                                                                                  [663, 300, 688, 340]
                                                                                  ```"                              , "[663, 300, 688, 340]" , "[1135, 465, 1212.5, 493.75]"                       , 0.0
    75, data/roboflow/solder_19_jpg.rf.6ba82ef7654945a115827964553b9f86.jpg     , "```json
                                                                                  [200, 350, 480, 450]
                                                                                  ```"                              , "[200, 350, 480, 450]" , "[288, 223, 398, 310.90999999999997]"               , 0.0
    76, data/roboflow/screwdriver_0_jpg.rf.47ddc4bdab6af5228c6456ea355534b8.jpg , "```json
                                                                                  [110, 80, 520, 480]
                                                                                  ```"                              , "[110, 80, 520, 480]"  , "[47, 44, 132.34, 150.32999999999998]"              , 0.00916119207923032
    77, data/roboflow/saw_11_jpg.rf.ef778852807d9700d37342481a46b674.jpg        , "```json
                                                                                  [685, 565, 715, 595]
                                                                                  ```"                              , "[685, 565, 715, 595]" , "[477, 357, 543, 372.5]"                            , 0.0
    78, data/roboflow/wacker_1_jpg.rf.3aa1825fc5e85db70c628bbff2cef848.jpg      , "```json
                                                                                  [334, 467, 408, 509]
                                                                                  ```"                              , "[334, 467, 408, 509]" , "[406, 334, 440.5, 356]"                            , 0.0
    79, data/roboflow/wrench_3_jpg.rf.5688e17fbf1f3fa1e675f1780e9bcdee.jpg      , "```json
                                                                                  [400, 300, 600, 700]
                                                                                  ```"                              , "[400, 300, 600, 700]" , "[496, 331, 566, 974]"                              , 0.2604355716878403
    80, data/roboflow/nail_18_jpg.rf.ca0aa65b5b35c49485de3519192627e9.jpg       , "```json
                                                                                  [648, 471, 715, 520]
                                                                                  ```"                              , "[648, 471, 715, 520]" , "[1350, 723, 1400, 848]"                            , 0.0
    81, data/roboflow/nail_4_jpg.rf.004c821c0b80d982e00465f2ec4ce69f.jpg        , "```json
                                                                                  [542, 638, 672, 706]
                                                                                  ```"                              , "[542, 638, 672, 706]" , "[117, 135, 124.71, 145.83]"                        , 0.0
    82, data/roboflow/allen_16_jpg.rf.56825daea3cb1ce94eb216620f07142a.jpg      , "[240, 400, 310, 800]"            , "[240, 400, 310, 800]" , "[118, 44, 141.96, 240.04]"                         , 0.0
    83, data/roboflow/solder_15_jpg.rf.9fe111e492dc5f76a67f271c63763cfc.jpg     , "```json
                                                                                  [420, 440, 590, 750]
                                                                                  ```"                              , "[420, 440, 590, 750]" , "[263, 481, 347.37, 667.88]"                        , 0.0
    84, data/roboflow/solder_6_jpg.rf.95a632bd111bc3f1f074edf23bbac04e.jpg      , "```json
                                                                                  [500, 560, 790, 650]
                                                                                  ```"                              , "[500, 560, 790, 650]" , "[148, 111, 223.16, 135.38]"                        , 0.0
    85, data/roboflow/saw_9_jpg.rf.4a74dcc308d112ff86028beeb86ebd1b.jpg         , "```json
                                                                                  [745, 320, 790, 410]
                                                                                  ```"                              , "[745, 320, 790, 410]" , "[939, 253, 970.43, 305.85]"                        , 0.0
    86, data/roboflow/hammer_13_jpg.rf.b9cecdc13f6529d4aa2a4aa8a5373dec.jpg     , "```json
                                                                                  [600, 440, 850, 550]
                                                                                  ```"                              , "[600, 440, 850, 550]" , "[231, 208, 1251.63, 340.49]"                       , 0.0
    87, data/roboflow/wacker_6_jpg.rf.b216f2fd6df84d287d59f61952666bab.jpg      , "```json
                                                                                  [478, 432, 579, 520]
                                                                                  ```"                              , "[478, 432, 579, 520]" , "[138, 169, 153.28, 176.78]"                        , 0.0
    88, data/roboflow/saw_1_jpg.rf.dabeec130f46a0ed64b7181f627e80b4.jpg         , "```json
                                                                                  [485, 275, 520, 310]
                                                                                  ```"                              , "[485, 275, 520, 310]" , "[403, 259, 475.14, 299]"                           , 0.0
    89, data/roboflow/hammer_9_jpg.rf.ae9639e7c8ea7a8f852d0d0c52054069.jpg      , "```json
                                                                                  [399, 480, 560, 529]
                                                                                  ```"                              , "[399, 480, 560, 529]" , "[567, 502, 948.6700000000001, 586.17]"             , 0.0
    90, data/roboflow/wrench_7_jpg.rf.d641a5052e86bd3f20db3e0a60202807.jpg      , "```json
                                                                                  [300, 150, 690, 350]
                                                                                  ```"                              , "[300, 150, 690, 350]" , "[111, 80, 306.25, 168.5]"                          , 0.0012150077760497667
    91, data/roboflow/wacker_9_jpg.rf.1ca5109d13dd10dc9dff8247d6651c6d.jpg      , "```json
                                                                                  [795, 500, 855, 555]
                                                                                  ```"                              , "[795, 500, 855, 555]" , "[1194, 696, 1219, 710]"                            , 0.0
    92, data/roboflow/wacker_7_jpg.rf.70fd0164c6c486da49500c41f7938930.jpg      , "```json
                                                                                  [70, 550, 170, 650]
                                                                                  ```"                              , "[70, 550, 170, 650]"  , "[47, 236, 64.22, 246]"                             , 0.0
    93, data/roboflow/wacker_12_jpg.rf.6e0fca0ef35537788d49e48c6aadcb74.jpg     , "```json
                                                                                  [595, 390, 655, 450]
                                                                                  ```"                              , "[595, 390, 655, 450]" , "[985, 698, 1032.5, 719.25]"                        , 0.0
    94, data/roboflow/glue_11_jpg.rf.70118f43562387f2c89ace63f2c4dd9e.jpg       , "```json
                                                                                  [500, 440, 580, 510]
                                                                                  ```"                              , "[500, 440, 580, 510]" , "[608, 665, 721.75, 735]"                           , 0.0
    95, data/roboflow/wacker_18_jpg.rf.8860d00066a92ef5c0ab20cd5f7352ba.jpg     , "```json
                                                                                  [644, 325, 689, 366]
                                                                                  ```"                              , "[644, 325, 689, 366]" , "[739, 188, 757.75, 206.75]"                        , 0.0
    96, data/roboflow/glue_12_jpg.rf.c0123478d172c7a1a85ab00b021bc6c1.jpg       , "```json
                                                                                  [490, 550, 620, 710]
                                                                                  ```"                              , "[490, 550, 620, 710]" , "[194, 318, 232.19, 350.27]"                        , 0.0
    97, data/roboflow/glue_1_jpg.rf.da77fbeb1a8f03ddfd89710b581a10aa.jpg        , "```json
                                                                                  [495, 520, 570, 650]
                                                                                  ```"                              , "[495, 520, 570, 650]" , "[237, 326, 278.5, 416]"                            , 0.0
    98, data/roboflow/wacker_8_jpg.rf.4681371591f966572891d1617b75503a.jpg      , "```json
                                                                                  [408, 403, 480, 440]
                                                                                  ```"                              , "[408, 403, 480, 440]" , "[297, 267, 322, 285.64]"                           , 0.0
    99, data/roboflow/drill_5_jpg.rf.ce91003ea2dbd3846b483be0452e5f5a.jpg       , "```json
                                                                                  [285, 720, 360, 780]
                                                                                  ```"                              , "[285, 720, 360, 780]" , "[184, 138, 193.47, 153.52]"                        , 0.0
   100, data/roboflow/solder_2_jpg.rf.33e64abc8c3f90f08df71b0827cdae07.jpg      , "```json
                                                                                  [385, 381, 524, 481]
                                                                                  ```"                              , "[385, 381, 524, 481]" , "[215, 161, 269.65999999999997, 203.32999999999998]", 0.0
   101, data/roboflow/wrench_5_jpg.rf.779c6debdb052cede0d2543998297605.jpg      , "```json
                                                                                  [
                                                                                  300,
                                                                                  470,
                                                                                  700,
                                                                                  530
                                                                                  ]
                                                                                  ```"                              , "[300, 470, 700, 530]" , "[245, 544, 909, 695]"                              , 0.0
   102, data/roboflow/drill_15_jpg.rf.cf5a361374a6941061ada1024ee8a0ef.jpg      , "```json
                                                                                  [435, 555, 495, 615]
                                                                                  ```"                              , "[435, 555, 495, 615]" , "[534, 389, 583.17, 475.65999999999997]"            , 0.0
   103, data/roboflow/allen_10_jpg.rf.f22ee109908456d2820f51f610f46529.jpg      , "```json
                                                                                  [350, 270, 750, 340]
                                                                                  ```"                              , "[350, 270, 750, 340]" , "[227, 303, 934.5, 410.5]"                          , 0.16581471885722288
   104, data/roboflow/wrench_13_jpg.rf.4caf9cd8b49890ef93a1c00ce41e08ee.jpg     , "```json
                                                                                  [300, 140, 790, 780]
                                                                                  ```"                              , "[300, 140, 790, 780]" , "[108, 76, 138, 137.48]"                            , 0.0
   105, data/roboflow/nail_13_jpg.rf.1f0041024e3f62229e34450ab961ebf1.jpg       , "```json
                                                                                  [395, 465, 445, 510]
                                                                                  ```"                              , "[395, 465, 445, 510]" , "[258, 219, 268, 237]"                              , 0.0
   106, data/roboflow/solder_9_jpg.rf.5cee98ab2544208a4c02239bf354b2a5.jpg      , "```json
                                                                                  [350, 370, 720, 620]
                                                                                  ```"                              , "[350, 370, 720, 620]" , "[218, 157, 403.84000000000003, 284.08]"            , 0.0
   107, data/roboflow/nail_11_jpg.rf.c6410dd7af2bad845d6cabc69b20f5b6.jpg       , "```json
                                                                                  [619, 608, 696, 678]
                                                                                  ```"                              , "[619, 608, 696, 678]" , "[690, 348, 718.12, 384.87]"                        , 0.0
   108, data/roboflow/glue_5_jpg.rf.74127088b07faf53064c99c5a1c9729f.jpg        , "```json
                                                                                  [490, 430, 610, 570]
                                                                                  ```"                              , "[490, 430, 610, 570]" , "[1002, 614, 1071, 791]"                            , 0.0
   109, data/roboflow/allen_17_jpg.rf.4abd1e9438888b7b74a5d25c9c14f57f.jpg      , "```json
                                                                                  [388, 338, 778, 498]
                                                                                  ```"                              , "[388, 338, 778, 498]" , "[299, 239, 438.5, 337.5]"                          , 0.0
   110, data/roboflow/saw_3_jpg.rf.00ac9c7738eca4db89990d955e913c97.jpg         , "```json
                                                                                  [455, 355, 505, 395]
                                                                                  ```"                              , "[455, 355, 505, 395]" , "[362, 178, 396.17, 223]"                           , 0.0
   111, data/roboflow/saw_15_jpg.rf.d95aa641412a788141d574db07c90dc0.jpg        , "```json
                                                                                  [598, 304, 706, 384]
                                                                                  ```"                              , "[598, 304, 706, 384]" , "[415, 165, 446.5, 225.5]"                          , 0.0
   112, data/roboflow/allen_12_jpg.rf.d2442148d7fb66f0c553106bd546fde5.jpg      , "```json
                                                                                  [360, 450, 940, 650]
                                                                                  ```"                              , "[360, 450, 940, 650]" , "[128, 61, 168.55, 125.31]"                         , 0.0
   113, data/roboflow/drill_10_jpg.rf.617b871bde9bf6d7f74ce46376ba9677.jpg      , "```json
                                                                                  [400, 360, 450, 400]
                                                                                  ```"                              , "[400, 360, 450, 400]" , "[287, 188, 300.84, 217.23]"                        , 0.0
   114, data/roboflow/screwdriver_17_jpg.rf.6f3ba1391076f55e6d1477d0a2a04490.jpg, "```json
                                                                                  [360, 400, 640, 890]
                                                                                  ```"                              , "[360, 400, 640, 890]" , "[132, 222, 186.66, 361.33000000000004]"            , 0.0
   115, data/roboflow/nail_10_jpg.rf.e8c10c27adad7180f857ed963ee8ea4d.jpg       , "```json
                                                                                  [385, 528, 484, 608]
                                                                                  ```"                              , "[385, 528, 484, 608]" , "[135, 124, 146.04, 134.83]"                        , 0.0
   116, data/roboflow/wrench_14_jpg.rf.311eeee1f50a33d7ba19b31e3cff11b1.jpg     , "```json
                                                                                  [400, 426, 800, 573]
                                                                                  ```"                              , "[400, 426, 800, 573]" , "[1160, 790, 1865, 946.67]"                         , 0.0
   117, data/roboflow/wacker_4_jpg.rf.8b58c303a0be79b0bf5eb1787863c3ab.jpg      , "```json
                                                                                  [715, 485, 780, 535]
                                                                                  ```"                              , "[715, 485, 780, 535]" , "[436, 646, 454, 695]"                              , 0.0
   118, data/roboflow/wrench_15_jpg.rf.42f8c7c01944ef48270def696cf1043d.jpg     , "```json
                                                                                  [170, 120, 570, 470]
                                                                                  ```"                              , "[170, 120, 570, 470]" , "[141, 76, 565, 590]"                               , 0.6293072840326648
   119, data/roboflow/hammer_1_jpg.rf.55e5712fb05f7db21a76e912587ec234.jpg      , "```json
                                                                                  [360, 540, 450, 950]
                                                                                  ```"                              , "[360, 540, 450, 950]" , "[82, 120, 110.13, 244.38]"                         , 0.0
   120, data/roboflow/screwdriver_1_jpg.rf.f272de78412ad2c531057645ec07c61e.jpg , "```json
                                                                                  [425, 155, 600, 355]
                                                                                  ```"                              , "[425, 155, 600, 355]" , "[262, 66, 321.06, 157.56]"                         , 0.0
   121, data/roboflow/allen_19_jpg.rf.00ae41782552de95b6dbe42a2033dd17.jpg      , "```json
                                                                                  [300, 370, 600, 550]
                                                                                  ```"                              , "[300, 370, 600, 550]" , "[145, 134, 303.83000000000004, 225.17000000000002]", 0.0
   122, data/roboflow/drill_13_jpg.rf.52f030bf69a62861b2393732da0e9827.jpg      , "```json
                                                                                  [190, 500, 250, 550]
                                                                                  ```"                              , "[190, 500, 250, 550]" , "[312, 307, 430, 393]"                              , 0.0
   123, data/roboflow/hammer_17_jpg.rf.d4b91f72a62fc90a8873256c5bf4bc3c.jpg     , "```json
                                                                                  [360, 460, 880, 550]
                                                                                  ```"                              , "[360, 460, 880, 550]" , "[828, 337, 1453.83, 468.66999999999996]"           , 0.003501610175641874
   124, data/roboflow/drill_4_jpg.rf.4248ac48968ef128b497e218c7a23095.jpg       , "```json
                                                                                  [435, 475, 515, 615]
                                                                                  ```"                              , "[435, 475, 515, 615]" , "[180, 222, 201, 234.5]"                            , 0.0
   125, data/roboflow/drill_19_jpg.rf.75f6f2ec74b675459c112a2a9161f551.jpg      , "```json
                                                                                  [700, 620, 850, 730]
                                                                                  ```"                              , "[700, 620, 850, 730]" , "[274, 240, 309.42, 259.16]"                        , 0.0
   126, data/roboflow/saw_8_jpg.rf.be9b0007f6a223a997ebd5619bfe44dc.jpg         , "```json
                                                                                  [342, 332, 387, 368]
                                                                                  ```"                              , "[342, 332, 387, 368]" , "[212, 109, 230.75, 138.59]"                        , 0.0
   127, data/roboflow/glue_0_jpg.rf.5cb7eab2a906d41299bc60c6d9b206be.jpg        , "```json
                                                                                  [675, 550, 800, 820]
                                                                                  ```"                              , "[675, 550, 800, 820]" , "[1243, 715, 1324.67, 1100]"                        , 0.0
   128, data/roboflow/saw_7_jpg.rf.109812051e475e298545865a31ed87f6.jpg         , "```json
                                                                                  [385, 305, 439, 347]
                                                                                  ```"                              , "[385, 305, 439, 347]" , "[626, 354, 660.16, 385.67]"                        , 0.0
   129, data/roboflow/nail_0_jpg.rf.cf3d235e94862258918057e38236c8dd.jpg        , "```json
                                                                                  [400, 470, 480, 510]
                                                                                  ```"                              , "[400, 470, 480, 510]" , "[394, 554, 459, 578]"                              , 0.0
   130, data/roboflow/glue_19_jpg.rf.d413783fc14438fec0222b1250d37c98.jpg       , "```json
                                                                                  [385, 705, 435, 755]
                                                                                  ```"                              , "[385, 705, 435, 755]" , "[104, 98, 128.22, 123.31]"                         , 0.0
   131, data/roboflow/screwdriver_3_jpg.rf.3a333c42804a68966bea544528966317.jpg , "```json
                                                                                  [420, 200, 580, 830]
                                                                                  ```"                              , "[420, 200, 580, 830]" , "[274, 116, 334.5, 321]"                            , 0.0
   132, data/roboflow/drill_2_jpg.rf.1a5212189e5706880c9479850bc0fc97.jpg       , "```json
                                                                                  [405, 415, 510, 625]
                                                                                  ```"                              , "[405, 415, 510, 625]" , "[541, 673, 618.5, 783]"                            , 0.0
   133, data/roboflow/wrench_0_jpg.rf.968d82377e09dd33302425888696c200.jpg      , "```json
                                                                                  [580, 180, 920, 360]
                                                                                  ```"                              , "[580, 180, 920, 360]" , "[2092, 227, 2792, 817]"                            , 0.0
   134, data/roboflow/glue_14_jpg.rf.ef00da097967ccc7af96873d9d3dc333.jpg       , "```json
                                                                                  [490, 550, 640, 620]
                                                                                  ```"                              , "[490, 550, 640, 620]" , "[75, 77, 79.04, 100.23]"                           , 0.0
   135, data/roboflow/wrench_2_jpg.rf.a2afaa627952c8b40ba0f8ae446395f4.jpg      , "```json
                                                                                  [480, 400, 830, 800]
                                                                                  ```"                              , "[480, 400, 830, 800]" , "[340, 457, 728, 1025]"                             , 0.30896411448496297
   136, data/roboflow/glue_17_jpg.rf.db2f88c43c959eebeeaaa9c9a5512e5c.jpg       , "```json
                                                                                  [362, 365, 477, 493]
                                                                                  ```"                              , "[362, 365, 477, 493]" , "[75, 77, 80.65, 99.74]"                            , 0.0
   137, data/roboflow/drill_18_jpg.rf.0f42ffb7f664acc515f8d2a839cb54ca.jpg      , "```json
                                                                                  [410, 500, 530, 640]
                                                                                  ```"                              , "[410, 500, 530, 640]" , "[491, 525, 545, 612]"                              , 0.18740679370339686
   138, data/roboflow/wacker_13_jpg.rf.6d69a2148e91250045526bbc78181b15.jpg     , "```json
                                                                                  [805, 155, 825, 175]
                                                                                  ```"                              , "[805, 155, 825, 175]" , "[1705, 138, 1752.5, 170.5]"                        , 0.0
   139, data/roboflow/wacker_0_jpg.rf.86c904f3270e1c14d2dc09cd4c07c125.jpg      , "```json
                                                                                  [539, 386, 592, 439]
                                                                                  ```"                              , "[539, 386, 592, 439]" , "[700, 374, 755.71, 390.43]"                        , 0.0
   140, data/roboflow/screwdriver_9_jpg.rf.75fc1ec75dcf784c3571c406697000b1.jpg , "```json
                                                                                  [380, 90, 580, 390]
                                                                                  ```"                              , "[380, 90, 580, 390]"  , "[68, 23, 104.46000000000001, 111.54]"              , 0.0
   141, data/roboflow/nail_2_jpg.rf.17dbc55b6601a8b0ad44d388c3685117.jpg        , "```json
                                                                                  [393, 442, 467, 508]
                                                                                  ```"                              , "[393, 442, 467, 508]" , "[217, 302, 251.5, 338]"                            , 0.0
   142, data/roboflow/hammer_6_jpg.rf.d97604e1b053a8bb69c2abccd9896ef5.jpg      , "```json
                                                                                  [380, 390, 780, 500]
                                                                                  ```"                              , "[380, 390, 780, 500]" , "[119, 123, 331, 159.5]"                            , 0.0
   143, data/roboflow/hammer_7_jpg.rf.f20fc313f9dc5bcf87ab92fa78e56629.jpg      , "```json
                                                                                  [100, 440, 500, 520]
                                                                                  ```"                              , "[100, 440, 500, 520]" , "[20, 132, 301.94, 196.5]"                          , 0.0
   144, data/roboflow/wrench_12_jpg.rf.327c0c64c489bb9a731ba4043353d7d4.jpg     , "```json
                                                                                  [290, 401, 710, 971]
                                                                                  ```"                              , "[290, 401, 710, 971]" , "[855, 885, 1151.67, 1825]"                         , 0.0
   145, data/roboflow/hammer_19_jpg.rf.ed319d2dccdb410a674538614e984936.jpg     , "```json
                                                                                  [
                                                                                  {""box_2d"": [485, 400, 945, 490]}
                                                                                  ]
                                                                                  ```"                              , "[485, 400, 945, 490]" , "[127, 93, 208.48000000000002, 117.26]"             , 0.0
   146, data/roboflow/solder_3_jpg.rf.059fb280e11c0615605b82aaf38b56b4.jpg      , "```json
                                                                                  [264, 381, 497, 451]
                                                                                  ```"                              , "[264, 381, 497, 451]" , "[126, 134, 247.67000000000002, 178.45]"            , 0.0
   147, data/roboflow/nail_6_jpg.rf.c51a692ff3a2a1695c888862840f1a2e.jpg        , "```json
                                                                                  [520, 475, 560, 525]
                                                                                  ```"                              , "[520, 475, 560, 525]" , "[1006, 595, 1054.75, 668.75]"                      , 0.0
   148, data/roboflow/wacker_14_jpg.rf.c259733b8d02dd602401799e3ef77391.jpg     , "```json
                                                                                  [580, 445, 620, 485]
                                                                                  ```"                              , "[580, 445, 620, 485]" , "[475, 370, 494, 397]"                              , 0.0
   149, data/roboflow/wrench_9_jpg.rf.99d3f0caf4e8770424aff1ca539b3718.jpg      , "```json
                                                                                  [40, 160, 380, 355]
                                                                                  ```"                              , "[40, 160, 380, 355]"  , "[44, 97, 404.5, 213]"                              , 0.197187465396966
   150, data/roboflow/allen_7_jpg.rf.de65912c03b4e399bca10e2cbcb7f960.jpg       , "```json
                                                                                  [475, 20, 920, 515]
                                                                                  ```"                              , "[475, 20, 920, 515]"  , "[193, 16, 244.72, 86.94]"                          , 0.0
   151, data/roboflow/solder_13_jpg.rf.b89dfb4e46d0332a54ff47bf1e190eb8.jpg     , "```json
                                                                                  [575, 160, 725, 500]
                                                                                  ```"                              , "[575, 160, 725, 500]" , "[103, 81, 133, 189.75]"                            , 0.0
   152, data/roboflow/glue_15_jpg.rf.3aef761c7936e5cd086ab3a3f820f823.jpg       , "```json
                                                                                  [622, 502, 690, 568]
                                                                                  ```"                              , "[622, 502, 690, 568]" , "[300, 228, 326, 287]"                              , 0.0
   153, data/roboflow/wacker_11_jpg.rf.9b7cd2ed30ebc8fce262d956d6adc4a2.jpg     , "```json
                                                                                  [350, 350, 370, 370]
                                                                                  ```"                              , "[350, 350, 370, 370]" , "[263, 191, 274.25, 203.08]"                        , 0.0
   154, data/roboflow/drill_3_jpg.rf.3f880ad07c21569127b115ff86dda4f7.jpg       , "```json
                                                                                  [510, 690, 590, 760]
                                                                                  ```"                              , "[510, 690, 590, 760]" , "[472, 418, 550.89, 507.45]"                        , 0.0
   155, data/roboflow/solder_16_jpg.rf.243d99cf2b83a48bff1aaae682347418.jpg     , "```json
                                                                                  [110, 315, 650, 415]
                                                                                  ```"                              , "[110, 315, 650, 415]" , "[72, 111, 245.61, 158.78]"                         , 0.0
   156, data/roboflow/nail_8_jpg.rf.b5946764e32598fedd52ef0a14f46135.jpg        , "```json
                                                                                  [512, 460, 540, 580]
                                                                                  ```"                              , "[512, 460, 540, 580]" , "[893, 680, 934.25, 782.5]"                         , 0.0
   157, data/roboflow/saw_12_jpg.rf.0de55e62c07a477107d925b033af221e.jpg        , "```json
                                                                                  [800, 396, 850, 455]
                                                                                  ```"                              , "[800, 396, 850, 455]" , "[910, 310, 930.63, 347.5]"                         , 0.0
   158, data/roboflow/nail_17_jpg.rf.f25272b787dcfa80488008918f505907.jpg       , "```json
                                                                                  [425, 525, 485, 605]
                                                                                  ```"                              , "[425, 525, 485, 605]" , "[463, 309, 502.38, 335.88]"                        , 0.0
   159, data/roboflow/allen_14_jpg.rf.f0cb183b90bffc8b7187076abf866549.jpg      , "```json
                                                                                  [350, 400, 650, 530]
                                                                                  ```"                              , "[350, 400, 650, 530]" , "[505, 543, 1133.75, 809.25]"                       , 0.0
   160, data/roboflow/screwdriver_2_jpg.rf.6aa70b18945100e04471d37e76e9fdc3.jpg , "```json
                                                                                  [340, 150, 950, 550]
                                                                                  ```"                              , "[340, 150, 950, 550]" , "[478, 219, 746, 455]"                              , 0.25921311475409836
   161, data/roboflow/allen_4_jpg.rf.8e83c5d669993fb6fc2ec8b911561b57.jpg       , "```json
                                                                                  [0, 169, 290, 360]
                                                                                  ```"                              , "[0, 169, 290, 360]"   , "[31, 50, 268.08000000000004, 157.5]"               , 0.0
   162, data/roboflow/nail_12_jpg.rf.01340587ec8332697c7a2250fc2b3def.jpg       , "```json
                                                                                  [
                                                                                  565,
                                                                                  468,
                                                                                  680,
                                                                                  552
                                                                                  ]
                                                                                  ```"                              , "[565, 468, 680, 552]" , "[111, 87, 120.26, 98.85]"                          , 0.0
   163, data/roboflow/nail_15_jpg.rf.7e07e37aae26e758ded31604210a1bdf.jpg       , "```json
                                                                                  [
                                                                                  576,
                                                                                  354,
                                                                                  645,
                                                                                  406
                                                                                  ]
                                                                                  ```"                              , "[576, 354, 645, 406]" , "[105, 106, 120.47, 113.19]"                        , 0.0
   164, data/roboflow/hammer_15_jpg.rf.6eb9f0d8aff263ee6bbe512f6c3a8362.jpg     , "```json
                                                                                  [476, 458, 517, 781]
                                                                                  ```"                              , "[476, 458, 517, 781]" , "[98, 85, 114.76, 170]"                             , 0.0
   165, data/roboflow/drill_14_jpg.rf.48b8a06b8732562d7b244613b2c90bfc.jpg      , "```json
                                                                                  [542, 608, 642, 693]
                                                                                  ```"                              , "[542, 608, 642, 693]" , "[252, 185, 267.27, 212.63]"                        , 0.0
   166, data/roboflow/saw_6_jpg.rf.eac0e3851c38dfa8b6a5efb40f5eeda3.jpg         , "```json
                                                                                  [400, 380, 470, 460]
                                                                                  ```"                              , "[400, 380, 470, 460]" , "[417, 290, 451, 380]"                              , 0.0
   167, data/roboflow/drill_7_jpg.rf.1e972d47ab5067c6a9a37d06c7244a73.jpg       , "```json
                                                                                  [575, 530, 675, 610]
                                                                                  ```"                              , "[575, 530, 675, 610]" , "[612, 482, 628, 527]"                              , 0.0
   168, data/roboflow/hammer_16_jpg.rf.b68d7216a71544b9127949ebb4328060.jpg     , "```json
                                                                                  [0, 350, 300, 960]
                                                                                  ```"                              , "[0, 350, 300, 960]"   , "[15, 213, 146.33, 347]"                            , 0.0
   169, data/roboflow/allen_0_jpg.rf.9831ceb15ba0394c612a3ce5e77a0ab1.jpg       , "```json
                                                                                  [270, 600, 670, 780]
                                                                                  ```"                              , "[270, 600, 670, 780]" , "[101, 483, 1060.38, 543]"                          , 0.0
   170, data/roboflow/allen_5_jpg.rf.59c0f99f54920817d8557916290da3c4.jpg       , "```json
                                                                                  [38, 412, 977, 545]
                                                                                  ```"                              , "[38, 412, 977, 545]"  , "[43, 64, 184.94, 90.67]"                           , 0.0
   171, data/roboflow/hammer_0_jpg.rf.a367809a323966ccb20750815967b2dc.jpg      , "```json
                                                                                  [500, 450, 800, 750]
                                                                                  ```"                              , "[500, 450, 800, 750]" , "[113, 96, 249.33, 361.34]"                         , 0.0
   172, data/roboflow/solder_17_jpg.rf.78859b21a0c6bf102e6eb651af7f0880.jpg     , "```json
                                                                                  [60, 290, 530, 450]
                                                                                  ```"                              , "[60, 290, 530, 450]"  , "[58, 140, 352.29, 186.79]"                         , 0.0
   173, data/roboflow/hammer_12_jpg.rf.f19a2f6e8bbb763e189711e593efac7c.jpg     , "```json
                                                                                  [420, 362, 826, 451]
                                                                                  ```"                              , "[420, 362, 826, 451]" , "[74, 136, 87.33, 211.63]"                          , 0.0
   174, data/roboflow/solder_4_jpg.rf.5aed0994a4415fcda7b62fdd8d456fef.jpg      , "```json
                                                                                  [190, 365, 580, 465]
                                                                                  ```"                              , "[190, 365, 580, 465]" , "[608, 626, 1179.25, 859.75]"                       , 0.0
   175, data/roboflow/wrench_6_jpg.rf.c87f7434a7bd8954688f4a8699d9f87d.jpg      , "```json
                                                                                  [320, 370, 880, 520]
                                                                                  ```"                              , "[320, 370, 880, 520]" , "[153, 40, 339.5, 177.5]"                           , 0.0
   176, data/roboflow/glue_18_jpg.rf.d0dda10f6eb24fe692aa23d0aab963e8.jpg       , "```json
                                                                                  [440, 520, 560, 680]
                                                                                  ```"                              , "[440, 520, 560, 680]" , "[1492, 1207, 1668.66, 1733.67]"                    , 0.0
   177, data/roboflow/screwdriver_14_jpg.rf.43d008f5298fdb8d32a000dcbfc20d5f.jpg, "```json
                                                                                  [205, 0, 775, 480]
                                                                                  ```"                              , "[205, 0, 775, 480]"   , "[145, 3, 209, 85]"                                 , 0.0011776533103547322
   178, data/roboflow/drill_8_jpg.rf.446ff4194ea5f6f40308041f14723583.jpg       , "```json
                                                                                  [452, 452, 532, 514]
                                                                                  ```"                              , "[452, 452, 532, 514]" , "[551, 526, 594, 610]"                              , 0.0
   179, data/roboflow/hammer_2_jpg.rf.cd873a1251dafc8339f959a1543c129d.jpg      , "```json
                                                                                  [296, 401, 650, 718]
                                                                                  ```"                              , "[296, 401, 650, 718]" , "[19, 116, 209.23, 181.45999999999998]"             , 0.0
   180, data/roboflow/nail_19_jpg.rf.54dbcfec9351343785e8ae2341bcd152.jpg       , "```json
                                                                                  [145, 365, 185, 405]
                                                                                  ```"                              , "[145, 365, 185, 405]" , "[90, 66, 103.71000000000001, 73.74]"               , 0.0
   181, data/roboflow/wrench_19_jpg.rf.b0b0e22ad6dbcee249bbf45b5b667751.jpg     , "```json
                                                                                  [140, 310, 790, 660]
                                                                                  ```"                              , "[140, 310, 790, 660]" , "[91, 136, 258.5, 358.90999999999997]"              , 0.022374148490981686
   182, data/roboflow/drill_9_jpg.rf.f3f19c6472fe36549dc1526e4ccbadbc.jpg       , "```json
                                                                                  [447, 438, 536, 481]
                                                                                  ```"                              , "[447, 438, 536, 481]" , "[574, 552, 602, 642]"                              , 0.0
   183, data/roboflow/allen_8_jpg.rf.0c60c9593220eb8296792523463197ed.jpg       , "```json
                                                                                  [165, 85, 805, 385]
                                                                                  ```"                              , "[165, 85, 805, 385]"  , "[145, 123, 340.56, 283.56]"                        , 0.1443970100076225
   184, data/roboflow/glue_8_jpg.rf.0df23a4f53349dd006c1bab9b7f396ef.jpg        , "```json
                                                                                  [382, 452, 489, 558]
                                                                                  ```"                              , "[382, 452, 489, 558]" , "[649, 623, 676, 720]"                              , 0.0
   185, data/roboflow/drill_1_jpg.rf.ad0311e1f82d679d8b11b5f7af83e7ba.jpg       , "```json
                                                                                  [980, 620, 1120, 750]
                                                                                  ```"                              , "[980, 620, 1120, 750]", "[737, 867, 825.33, 968.66]"                        , 0.0
   186, data/roboflow/screwdriver_13_jpg.rf.6eb41898b20b245ef9855ffd4d759eaf.jpg, "```json
                                                                                  [188, 80, 505, 520]
                                                                                  ```"                              , "[188, 80, 505, 520]"  , "[292, 213, 579, 548]"                              , 0.3841242055053632
   187, data/roboflow/saw_13_jpg.rf.6c2a2ffc316fe722a802dfdeaa792205.jpg        , "```json
                                                                                  [685, 470, 735, 530]
                                                                                  ```"                              , "[685, 470, 735, 530]" , "[737, 350, 755.33, 375.56]"                        , 0.0
   188, data/roboflow/glue_16_jpg.rf.58133883125a2e8669acf4c349531813.jpg       , "```json
                                                                                  [430, 290, 570, 450]
                                                                                  ```"                              , "[430, 290, 570, 450]" , "[381, 239, 423.5, 371.5]"                          , 0.0
   189, data/roboflow/hammer_11_jpg.rf.7127bdc7954f8ed0c83efa64f439d5ee.jpg     , "```json
                                                                                  [450, 280, 550, 480]
                                                                                  ```"                              , "[450, 280, 550, 480]" , "[79, 34, 103.32, 148.09]"                          , 0.0
   190, data/roboflow/screwdriver_8_jpg.rf.ff89afcd7ff42203451f1b83d4282260.jpg , "```json
                                                                                  [305, 388, 670, 960]
                                                                                  ```"                              , "[305, 388, 670, 960]" , "[243, 637, 421, 1106]"                             , 0.14705212838606874
   191, data/roboflow/glue_4_jpg.rf.42589b357cb58229f80db34330c489a2.jpg        , "```json
                                                                                  [588, 440, 668, 508]
                                                                                  ```"                              , "[588, 440, 668, 508]" , "[382, 333, 408, 414]"                              , 0.0
   192, data/roboflow/drill_17_jpg.rf.6576ae60e8e062a8c7aee0fac775b675.jpg      , "```json
                                                                                  [425, 375, 560, 440]
                                                                                  ```"                              , "[425, 375, 560, 440]" , "[206, 139, 226, 171.67000000000002]"               , 0.0
   193, data/roboflow/solder_8_jpg.rf.bd0265780fd448ad5ea358a0e3d9d140.jpg      , "```json
                                                                                  [200, 440, 410, 530]
                                                                                  ```"                              , "[200, 440, 410, 530]" , "[434, 189, 757.12, 377.12]"                        , 0.0
   194, data/roboflow/wacker_10_jpg.rf.59b3c438afa5389e99aeb3141c689c70.jpg     , "```json
                                                                                  [775, 438, 850, 478]
                                                                                  ```"                              , "[775, 438, 850, 478]" , "[259, 122, 278.38, 138.88]"                        , 0.0
   195, data/roboflow/allen_18_jpg.rf.f8eb96b280ed44d4ff2402621a4f2524.jpg      , "```json
                                                                                  [500, 400, 850, 830]
                                                                                  ```"                              , "[500, 400, 850, 830]" , "[507, 369, 1058, 884]"                             , 0.5143056403103479
   196, data/roboflow/wrench_17_jpg.rf.c962a7fe663f17b6539a8ba3b20f407b.jpg     , "```json
                                                                                  [400, 570, 600, 870]
                                                                                  ```"                              , "[400, 570, 600, 870]" , "[1160, 1465, 1542.5, 2545]"                        , 0.0
   197, data/roboflow/solder_1_jpg.rf.2a611d6f4135cf0fe7dd546a00c68287.jpg      , "```json
                                                                                  [290, 430, 540, 730]
                                                                                  ```"                              , "[290, 430, 540, 730]" , "[297, 407, 463, 883]"                              , 0.47785368849312965
   198, data/roboflow/wacker_19_jpg.rf.3173357cc72f6961605adbc301c4d09f.jpg     , "```json
                                                                                  [509, 442, 559, 477]
                                                                                  ```"                              , "[509, 442, 559, 477]" , "[619, 389, 648.38, 400.88]"                        , 0.0
   199, data/roboflow/nail_3_jpg.rf.7da9e3dd7ccb178910591121f6b637a6.jpg        , "```json
                                                                                  [435, 535, 505, 570]
                                                                                  ```"                              , "[435, 535, 505, 570]" , "[191, 200, 230.28, 210]"                           , 0.0
